timestamp_ms,emg1,emg2,emg3,accel_x,accel_y,accel_z,gyro_x,gyro_y,gyro_z
781750,2162,2057,2117,-2371,2344,15810,-21,-11,-9
781752,2160,2057,2112,-2371,2344,15810,-29,-9,-10
781753,2154,2052,2106,-2418,2251,15775,-39,-8,-11
781755,2162,2057,2117,-2418,2251,15775,-50,-4,-13
781756,2164,2059,2119,-2476,2216,15791,-53,-2,-10
781757,2164,2059,2120,-2476,2216,15791,-53,-1,-12
781759,2161,2054,2111,-2476,2216,15791,-53,-1,-12
781760,2157,2054,2121,-2502,2113,15822,-50,-1,-14
781762,2158,2057,2117,-2502,2113,15822,-45,-2,-14
781763,2210,2056,2119,-2529,2059,15765,-36,-13,-12
781764,2165,2057,2117,-2529,2059,15765,-24,-24,-11
781766,2155,2052,2108,-2542,2032,15703,-13,-33,-15
781767,2156,2056,2117,-2542,2032,15703,-4,-42,-13
781769,2163,2059,2118,-2542,2032,15703,-4,-42,-13
781770,2166,2057,2121,-2472,2001,15695,-4,-51,-14
781771,2160,2055,2114,-2472,2001,15695,-5,-54,-16
781773,2154,2055,2109,-2375,2094,15693,-5,-60,-16
781774,2154,2056,2116,-2375,2094,15693,-5,-61,-20
781776,2167,2058,2118,-2306,2214,15707,-9,-65,-18
781777,2166,2056,2116,-2306,2214,15707,-12,-70,-18
781778,2153,2054,2113,-2306,2214,15707,-12,-70,-18
781780,2159,2056,2115,-2267,2281,15645,-17,-78,-17
781781,2161,2054,2105,-2267,2281,15645,-20,-84,-19
781783,2166,2058,2122,-2257,2314,15511,-28,-92,-17
781784,2157,2055,2114,-2257,2314,15511,-40,-102,-23
781786,2159,2053,2116,-2261,2264,15447,-53,-110,-32
781787,2159,2056,2113,-2261,2264,15447,-65,-117,-38
781788,2165,2057,2125,-2256,2197,15459,-73,-123,-41
781790,2207,2059,2118,-2256,2197,15459,-73,-123,-41
781791,2159,2054,2110,-2256,2197,15459,-80,-125,-41
781793,2164,2057,2115,-2284,2115,15548,-82,-125,-41
781794,2205,2055,2119,-2284,2115,15548,-80,-123,-39
781796,2168,2058,2117,-2316,2020,15656,-78,-123,-38
781797,2160,2055,2117,-2316,2020,15656,-75,-119,-33
781799,2155,2054,2117,-2361,1948,15819,-72,-120,-28
781800,2162,2059,2118,-2361,1948,15819,-67,-124,-26
781802,2162,2058,2118,-2359,1915,15964,-62,-132,-23
781803,2165,2057,2114,-2359,1915,15964,-62,-132,-23
781804,2154,2051,2101,-2359,1915,15964,-61,-134,-21
781806,2160,2057,2118,-2322,1817,16044,-58,-139,-19
781807,2202,2057,2118,-2322,1817,16044,-56,-143,-18
781809,2176,2056,2121,-2277,1715,16110,-58,-139,-14
781810,2158,2053,2110,-2277,1715,16110,-59,-133,-8
781812,2144,2055,2120,-2207,1679,16203,-59,-126,-6
781813,2167,2056,2115,-2207,1679,16203,-58,-118,-5
781814,2163,2058,2121,-2207,1679,16203,-58,-118,-5
781816,2165,2057,2115,-2170,1663,16261,-51,-112,-6
781817,2158,2054,2111,-2170,1663,16261,-43,-100,-6
781819,2158,2056,2115,-2130,1667,16332,-34,-85,2
781820,2159,2057,2114,-2130,1667,16332,-31,-71,10
781821,2168,2056,2119,-2073,1679,16374,-24,-62,12
781823,2167,2055,2119,-2073,1679,16374,-16,-51,13
781824,2150,2055,2110,-2073,1679,16374,-16,-51,13
781826,2156,2059,2115,-2065,1682,16405,-13,-38,13
781827,2167,2059,2120,-2065,1682,16405,-8,-25,14
781828,2168,2058,2120,-2114,1712,16343,-3,-16,15
781830,2154,2054,2110,-2114,1712,16343,6,-7,18
781831,2156,2057,2112,-2148,1741,16233,13,-2,24
781832,2167,2056,2121,-2148,1741,16233,13,-2,24
781834,2165,2058,2124,-2148,1741,16233,25,3,28
781835,2167,2058,2114,-2167,1752,16194,35,7,26
781836,2200,2055,2113,-2167,1752,16194,47,12,29
781838,2155,2057,2115,-2147,1761,16127,62,15,33
781839,2162,2057,2116,-2147,1761,16127,75,22,32
781840,2164,2058,2119,-2147,1761,16127,75,22,32
781842,2163,2056,2117,-2130,1836,16022,86,25,34
781843,2157,2053,2108,-2130,1836,16022,98,31,36
781844,2156,2056,2114,-2112,1918,15927,104,32,36
781846,2163,2057,2116,-2112,1918,15927,111,33,38
781847,2165,2056,2117,-2112,1918,15927,111,33,38
781849,2162,2054,2112,-2102,1984,15852,115,34,37
781850,2157,2055,2113,-2102,1984,15852,118,29,39
781851,2160,2056,2114,-2109,2100,15862,118,27,37
781853,2160,2057,2112,-2109,2100,15862,118,24,40
781854,2164,2057,2121,-2111,2205,15799,115,21,37
781855,2162,2054,2114,-2111,2205,15799,115,21,37
781857,2155,2054,2108,-2111,2205,15799,113,18,34
781858,2158,2058,2118,-2124,2271,15727,106,13,28
781859,2164,2058,2119,-2124,2271,15727,95,9,22
781861,2164,2059,2119,-2197,2310,15649,85,5,19
781862,2163,2054,2115,-2197,2310,15649,76,-2,13
781863,2150,2056,2108,-2197,2310,15649,76,-2,13
781865,2163,2057,2114,-2226,2313,15560,62,-7,7
781866,2165,2059,2121,-2226,2313,15560,51,-16,-1
781867,2161,2056,2115,-2279,2309,15617,38,-19,-4
781869,2160,2055,2108,-2279,2309,15617,28,-21,-9
781870,2158,2057,2112,-2322,2250,15665,18,-20,-7
781871,2169,2058,2116,-2322,2250,15665,18,-20,-7
781873,2164,2057,2121,-2322,2250,15665,13,-20,-4
781874,2163,2056,2117,-2320,2234,15638,13,-24,0
781876,2154,2055,2110,-2320,2234,15638,14,-26,-2
781877,2156,2056,2115,-2360,2227,15680,16,-36,-3
781878,2161,2057,2116,-2360,2227,15680,15,-46,-4
781880,2164,2057,2114,-2360,2227,15680,15,-46,-4
781881,2162,2054,2112,-2416,2192,15714,13,-54,-4
781882,2154,2055,2110,-2416,2192,15714,14,-65,0
781884,2158,2056,2117,-2422,2193,15770,12,-70,1
781885,2164,2058,2116,-2422,2193,15770,10,-74,-1
781886,2162,2058,2120,-2328,2225,15922,2,-75,-3
781888,2161,2057,2117,-2328,2225,15922,2,-75,-3
781889,2154,2055,2113,-2328,2225,15922,-9,-76,-5
781890,2164,2057,2113,-2247,2239,16023,-18,-74,-7
781892,2170,2056,2119,-2247,2239,16023,-26,-68,-6
781893,2165,2058,2123,-2191,2160,16066,-33,-59,2
781895,2159,2055,2110,-2191,2160,16066,-34,-53,7
781896,2160,2054,2112,-2191,2160,16066,-34,-53,7
781897,2167,2057,2131,-2161,2154,16185,-35,-44,6
781899,2169,2059,2119,-2161,2154,16185,-31,-35,4
781900,2164,2057,2112,-2111,2132,16227,-21,-27,8
781901,2157,2053,2099,-2111,2132,16227,-14,-18,11
781903,2160,2054,2114,-2143,2012,16102,-12,-11,12
781904,2158,2059,2120,-2143,2012,16102,-12,-11,12
781906,2162,2056,2117,-2143,2012,16102,-9,-10,18
781907,2165,2055,2114,-2196,1925,15920,-12,-9,19
781908,2155,2054,2116,-2196,1925,15920,-15,-9,15
781910,2159,2056,2116,-2202,1934,15867,-10,-14,16
781911,2124,2056,2121,-2202,1934,15867,-5,-17,20
781912,2164,2057,2117,-2202,1934,15867,-5,-17,20
781914,2158,2054,2110,-2140,1949,15950,7,-16,24
781915,2150,2056,2115,-2140,1949,15950,15,-14,29
781917,2162,2057,2115,-2017,1963,16058,22,-7,31
781918,2167,2059,2118,-2017,1963,16058,20,0,28
781919,2165,2056,2117,-1968,2001,16115,16,8,23
781920,2156,2055,2109,-1968,2001,16115,16,8,23
781922,2152,2056,2109,-1968,2001,16115,17,15,18
781923,2163,2058,2119,-1968,2074,16084,21,19,14
781924,2166,2057,2120,-1968,2074,16084,24,22,20
781926,2163,2056,2117,-1963,2077,16043,30,30,18
781927,2196,2052,2108,-1963,2077,16043,30,30,18
781928,2158,2057,2115,-1963,2077,16043,35,38,17
781930,2162,2059,2116,-1994,2075,15982,36,43,13
781931,2213,2057,2124,-1994,2075,15982,41,46,9
781932,2158,2052,2114,-2019,2020,15919,41,47,5
781934,2150,2052,2108,-2019,2020,15919,44,49,2
781935,2159,2056,2115,-2019,2020,15919,44,49,2
781936,2168,2058,2119,-2113,2030,15873,46,53,-2
781938,2165,2056,2114,-2113,2030,15873,55,52,-2
781939,2163,2055,2112,-2116,2091,15814,66,49,-2
781940,2154,2055,2111,-2116,2091,15814,73,43,1
781942,2157,2057,2118,-2116,2091,15814,73,43,1
781943,2167,2058,2118,-2185,2080,15743,79,35,1
781944,2163,2057,2122,-2185,2080,15743,82,30,2
781946,2159,2054,2111,-2269,2139,15729,78,25,-3
781947,2156,2055,2114,-2269,2139,15729,75,16,-8
781948,2161,2056,2116,-2269,2139,15729,75,16,-8
781950,2167,2054,2113,-2286,2218,15764,73,11,-5
781951,2170,2059,2119,-2286,2218,15764,67,6,-4
781952,2160,2057,2117,-2187,2312,15764,59,2,-1
781954,2154,2054,2112,-2187,2312,15764,47,0,1
781955,2160,2054,2116,-2187,2312,15764,47,0,1
781956,2166,2059,2119,-2153,2375,15725,35,-1,1
781957,2167,2056,2118,-2153,2375,15725,24,-2,-2
781959,2158,2053,2101,-2182,2358,15709,11,-3,-5
781960,2157,2055,2117,-2182,2358,15709,-2,-5,-7
781961,2156,2058,2117,-2182,2358,15709,-2,-5,-7
781963,2167,2059,2121,-2234,2308,15727,-13,-6,-10
781964,2166,2056,2116,-2234,2308,15727,-22,-8,-8
781966,2156,2054,2110,-2220,2243,15811,-26,-13,-8
781967,2156,2054,2114,-2220,2243,15811,-26,-13,-8
781968,2165,2057,2120,-2209,2180,15830,-26,-14,-6
781970,2210,2057,2116,-2209,2180,15830,-28,-17,-8
781971,2160,2055,2112,-2209,2180,15830,-28,-17,-8
781973,2146,2052,2109,-2186,2141,15885,-25,-15,-13
781974,2161,2057,2119,-2186,2141,15885,-19,-16,-14
781975,2163,2055,2120,-2190,2133,15923,-14,-18,-15
781977,2168,2057,2114,-2190,2133,15923,-7,-19,-15
781978,2161,2057,2113,-2188,2134,15877,0,-22,-15
781980,2155,2055,2121,-2188,2134,15877,6,-23,-13
781981,2158,2056,2120,-2188,2134,15877,6,-23,-13
781982,2158,2059,2119,-2169,2139,15823,5,-27,-11
781984,2169,2056,2110,-2169,2139,15823,7,-28,-10
781985,2159,2053,2110,-2158,2160,15797,8,-34,-13
781986,2163,2056,2115,-2158,2160,15797,5,-37,-17
781988,2165,2059,2116,-2122,2121,15774,5,-38,-19
781989,2156,2056,2119,-2122,2121,15774,5,-38,-19
781991,2160,2054,2114,-2122,2121,15774,4,-39,-18
781992,2156,2054,2111,-2116,2131,15732,3,-40,-15
781993,2156,2057,2115,-2116,2131,15732,4,-43,-15
781995,2162,2056,2119,-2115,2179,15707,8,-45,-16
781996,2178,2056,2118,-2115,2179,15707,8,-48,-17
781997,2156,2054,2113,-2115,2179,15707,8,-48,-17
781999,2153,2054,2113,-2095,2186,15648,8,-56,-17
782000,2157,2056,2119,-2095,2186,15648,6,-61,-16
782001,2162,2059,2115,-2171,2223,15680,3,-64,-17
782003,2170,2059,2119,-2171,2223,15680,-2,-69,-17
782004,2157,2052,2109,-2213,2237,15713,-9,-73,-14
782006,2151,2056,2110,-2213,2237,15713,-9,-73,-14
782007,2165,2055,2123,-2213,2237,15713,-15,-73,-9
782008,2171,2059,2120,-2217,2164,15812,-22,-74,-4
782010,2162,2057,2115,-2217,2164,15812,-28,-69,4
782011,2157,2055,2110,-2253,2134,15922,-32,-65,10
782013,2154,2055,2113,-2253,2134,15922,-28,-63,17
782014,2167,2056,2117,-2270,2102,15998,-22,-67,27
782015,2170,2058,2121,-2270,2102,15998,-22,-67,27
782017,2161,2056,2114,-2270,2102,15998,-18,-73,32
782018,2153,2056,2110,-2283,2046,15978,-15,-81,33
782019,2157,2056,2114,-2283,2046,15978,-13,-90,34
782021,2169,2056,2124,-2179,2002,15976,-15,-98,35
782022,2164,2057,2118,-2179,2002,15976,-16,-102,33
782024,2153,2055,2110,-2026,2011,16020,-13,-102,34
782025,2163,2058,2113,-2026,2011,16020,-13,-102,34
782027,2207,2057,2119,-2026,2011,16020,-14,-97,30
782028,2171,2055,2117,-1896,1972,16025,-14,-87,31
782029,2165,2057,2112,-1896,1972,16025,-13,-75,35
782031,2152,2053,2114,-1816,1946,16000,-14,-61,34
782032,2155,2053,2109,-1816,1946,16000,-18,-47,39
782033,2162,2056,2121,-1853,1923,16062,-16,-33,44
782035,2166,2059,2119,-1853,1923,16062,-16,-33,44
782036,2161,2055,2111,-1853,1923,16062,-12,-23,48
782038,2155,2054,2114,-1936,1932,16137,-4,-18,50
782039,2161,2059,2116,-1936,1932,16137,11,-17,51
782040,2213,2058,2118,-1937,1968,16184,20,-17,49
782042,2166,2057,2117,-1937,1968,16184,25,-18,47
782043,2156,2055,2114,-1937,1968,16184,25,-18,47
782044,2159,2057,2115,-1940,2001,16162,32,-19,45
782046,2162,2056,2125,-1940,2001,16162,42,-23,42
782047,2166,2055,2115,-1895,2067,16088,51,-21,41
782049,2164,2057,2112,-1895,2067,16088,57,-18,42
782050,2152,2054,2111,-1827,2127,16093,60,-11,42
782051,2153,2058,2116,-1827,2127,16093,60,-11,42
782053,2173,2056,2116,-1827,2127,16093,64,1,42
782054,2168,2057,2121,-1757,2181,16075,67,11,41
782055,2152,2055,2113,-1757,2181,16075,69,19,41
782057,2157,2054,2113,-1778,2219,15965,72,24,41
782058,2164,2056,2118,-1778,2219,15965,70,33,37
782059,2161,2056,2117,-1778,2219,15965,70,33,37
782061,2167,2057,2118,-1873,2214,15950,69,39,33
782062,2158,2054,2113,-1873,2214,15950,66,41,32
782063,2151,2055,2106,-1993,2219,15922,63,44,28
782065,2164,2059,2120,-1993,2219,15922,62,49,23
782066,2145,2056,2118,-1993,2219,15922,62,49,23
782067,2171,2058,2121,-2057,2264,15955,62,47,20
782069,2156,2054,2110,-2057,2264,15955,62,44,17
782070,2158,2056,2114,-2088,2292,15927,64,41,16
782071,2162,2056,2116,-2088,2292,15927,64,39,14
782073,2167,2057,2116,-2090,2315,15862,66,39,17
782074,2166,2057,2117,-2090,2315,15862,66,39,17
782075,2153,2054,2108,-2090,2315,15862,65,39,15
782077,2157,2056,2117,-2115,2316,15814,60,41,17
782078,2167,2059,2119,-2115,2316,15814,59,43,13
782079,2149,2057,2116,-2128,2387,15780,58,40,10
782081,2168,2057,2114,-2128,2387,15780,58,40,10
782082,2161,2052,2110,-2128,2387,15780,54,38,11
782083,2154,2056,2117,-2179,2420,15760,55,35,10
782085,2147,2056,2115,-2179,2420,15760,56,28,12
782086,2172,2055,2117,-2182,2439,15760,56,22,14
782087,2159,2056,2112,-2182,2439,15760,53,21,15
782089,2155,2055,2116,-2182,2439,15760,53,21,15
782090,2158,2057,2108,-2176,2440,15765,47,15,13
782091,2165,2058,2120,-2176,2440,15765,37,14,6
782093,2167,2057,2124,-2169,2447,15748,34,13,3
782094,2118,2053,2108,-2169,2447,15748,31,4,-1
782095,2150,2054,2105,-2169,2447,15748,31,4,-1
782097,2158,2057,2118,-2158,2454,15672,32,-4,-2
782098,2163,2057,2124,-2158,2454,15672,30,-6,-3
782099,2166,2059,2119,-2205,2405,15744,22,-8,-7
782101,2160,2055,2112,-2205,2405,15744,12,-11,-8
782102,2155,2055,2113,-2205,2405,15744,12,-11,-8
782103,2156,2056,2115,-2194,2393,15708,2,-16,-10
782105,2166,2058,2118,-2194,2393,15708,-1,-21,-15
782106,2171,2059,2118,-2192,2418,15689,-1,-28,-17
782108,2155,2054,2111,-2192,2418,15689,-4,-34,-19
782109,2155,2056,2112,-2157,2423,15715,-2,-31,-18
782110,2159,2054,2116,-2157,2423,15715,-2,-35,-16
782112,2172,2059,2129,-2157,2423,15715,-2,-35,-16
782113,2163,2054,2118,-2116,2425,15796,-7,-31,-16
782115,2148,2051,2101,-2116,2425,15796,-10,-28,-17
782116,2196,2056,2117,-2101,2438,15943,-13,-23,-18
782117,2171,2058,2123,-2101,2438,15943,-17,-14,-18
782119,2165,2057,2118,-2126,2433,15983,-16,-8,-17
782120,2158,2054,2110,-2126,2433,15983,-17,-8,-17
782122,2164,2054,2116,-2126,2433,15983,-17,-8,-17
782123,2156,2056,2113,-2144,2389,15924,-17,-12,-16
782124,2158,2059,2120,-2144,2389,15924,-16,-17,-18
782126,2167,2057,2117,-2197,2307,15905,-17,-21,-17
782127,2156,2054,2110,-2197,2307,15905,-17,-25,-16
782129,2152,2057,2115,-2145,2233,15923,-18,-27,-18
782130,2163,2057,2117,-2145,2233,15923,-15,-27,-20
782131,2167,2058,2121,-2032,2200,15896,-14,-29,-24
782133,2156,2054,2112,-2032,2200,15896,-14,-29,-24
782134,2113,2054,2116,-2032,2200,15896,-11,-28,-26
782136,2158,2056,2115,-1965,2193,15913,-6,-23,-26
782137,2166,2058,2120,-1965,2193,15913,-2,-14,-21
782139,2167,2057,2119,-1939,2255,15967,3,-9,-19
782140,2152,2055,2108,-1939,2255,15967,7,-3,-20
782141,2165,2056,2112,-1939,2255,15967,7,-3,-20
782143,2167,2057,2116,-1911,2292,16008,10,2,-19
782144,2159,2058,2121,-1911,2292,16008,8,6,-15
782145,2167,2056,2114,-1939,2282,16025,5,8,-11
782147,2146,2052,2112,-1939,2282,16025,-1,10,-16
782148,2119,2058,2116,-1955,2273,16045,-6,17,-15
782149,2162,2059,2119,-1955,2273,16045,-6,17,-15
782151,2162,2057,2117,-1955,2273,16045,-11,24,-10
782152,2158,2052,2111,-2018,2226,16041,-12,29,-10
782153,2159,2054,2114,-2018,2226,16041,-4,32,-13
782155,2163,2057,2112,-2079,2144,15958,3,34,-13
782156,2159,2059,2124,-2079,2144,15958,11,33,-12
782157,2166,2058,2119,-2079,2144,15958,11,33,-12
782159,2159,2055,2113,-2137,2104,15878,14,31,-13
782160,2152,2055,2116,-2137,2104,15878,19,27,-12
782162,2161,2056,2117,-2140,2110,15848,32,21,-10
782163,2162,2059,2117,-2140,2110,15848,41,18,-9
782164,2167,2057,2116,-2111,2150,15811,45,17,-10
782166,2158,2052,2114,-2111,2150,15811,45,17,-10
782167,2156,2057,2114,-2111,2150,15811,45,20,-12
782168,2151,2056,2116,-2098,2193,15806,40,22,-13
782170,2168,2056,2116,-2098,2193,15806,34,23,-10
782171,2164,2053,2110,-2079,2230,15844,30,28,-10
782172,2153,2052,2108,-2079,2230,15844,22,29,-11
782174,2160,2057,2115,-2079,2230,15844,22,29,-11
782175,2168,2057,2124,-2047,2317,15884,19,30,-10
782177,2160,2059,2118,-2047,2317,15884,16,31,-10
782178,2161,2055,2111,-2063,2298,15899,12,32,-6
782179,2156,2055,2112,-2063,2298,15899,10,30,-6
782181,2154,2057,2110,-2080,2290,15877,11,29,-7
782182,2170,2058,2135,-2080,2290,15877,11,29,-7
782183,2171,2058,2123,-2080,2290,15877,10,30,-9
782185,2155,2055,2112,-2091,2308,15790,11,29,-5
782186,2155,2054,2112,-2091,2308,15790,12,28,-6
782187,2159,2056,2121,-2151,2315,15800,12,26,-8
782189,2163,2059,2121,-2151,2315,15800,12,26,-8
782190,2166,2056,2118,-2151,2315,15800,11,22,-7
782191,2157,2055,2113,-2196,2377,15829,11,19,-7
782193,2150,2054,2111,-2196,2377,15829,8,19,-10
782194,2162,2057,2119,-2199,2425,15790,5,15,-13
782195,2165,2058,2119,-2199,2425,15790,-5,5,-7
782197,2166,2057,2116,-2199,2425,15790,-5,5,-7
782198,2160,2052,2110,-2198,2368,15723,-16,-1,-1
782199,2154,2056,2112,-2198,2368,15723,-31,-6,-1
782201,2152,2057,2113,-2148,2303,15696,-41,-8,-1
782202,2172,2057,2122,-2148,2303,15696,-49,-13,-4
782203,2172,2055,2114,-2140,2256,15764,-53,-14,-7
782205,2192,2054,2111,-2140,2256,15764,-53,-14,-7
782206,2144,2057,2115,-2140,2256,15764,-55,-10,-9
782208,2165,2057,2111,-2141,2163,15855,-50,-1,-5
782209,2170,2058,2119,-2141,2163,15855,-45,4,0
782210,2163,2054,2115,-2137,2094,15849,-38,6,6
782212,2155,2055,2113,-2137,2094,15849,-27,8,10
782213,2158,2056,2117,-2137,2094,15849,-27,8,10
782214,2164,2059,2118,-2205,2055,15763,-14,6,10
782216,2167,2059,2118,-2205,2055,15763,-4,2,10
782217,2160,2055,2114,-2294,2023,15773,6,-3,7
782218,2151,2055,2113,-2294,2023,15773,21,-10,7
782219,2162,2057,2116,-2294,2023,15773,21,-10,7
782221,2168,2057,2115,-2350,2086,15804,36,-13,8
782222,2162,2058,2116,-2350,2086,15804,48,-16,8
782224,2155,2053,2112,-2274,2208,15917,60,-20,9
782225,2153,2057,2114,-2274,2208,15917,67,-23,12
782226,2161,2058,2118,-2274,2208,15917,67,-23,12
782228,2171,2058,2123,-2184,2317,15889,70,-23,13
782229,2167,2054,2117,-2184,2317,15889,69,-28,10
782230,2154,2050,2102,-2117,2414,15880,66,-29,9
782232,2158,2059,2117,-2117,2414,15880,60,-33,10
782233,2161,2057,2117,-2065,2426,15870,53,-31,11
782234,2166,2057,2119,-2065,2426,15870,53,-31,11
782236,2163,2054,2113,-2065,2426,15870,44,-28,13
782237,2151,2055,2110,-2026,2465,15879,30,-24,9
782238,2153,2056,2115,-2026,2465,15879,18,-16,4
782240,2170,2056,2116,-2030,2470,15921,5,-11,4
782241,2163,2057,2116,-2030,2470,15921,-7,-2,6
782242,2159,2055,2116,-2030,2470,15921,-7,-2,6
782244,2154,2055,2113,-2077,2503,15921,-15,4,4
782245,2160,2056,2115,-2077,2503,15921,-19,4,4
782246,2176,2058,2114,-2143,2473,15866,-21,2,3
782248,2155,2056,2120,-2143,2473,15866,-26,-6,1
782249,2160,2055,2113,-2143,2473,15866,-26,-6,1
782250,2157,2055,2112,-2199,2407,15839,-29,-16,-3
782252,2159,2056,2113,-2199,2407,15839,-33,-21,-9
782253,2166,2059,2121,-2202,2301,15831,-36,-26,-10
782255,2167,2058,2116,-2202,2301,15831,-39,-26,-10
782256,2153,2055,2112,-2171,2209,15794,-39,-27,-7
782257,2158,2056,2114,-2171,2209,15794,-35,-30,-8
782259,2165,2056,2117,-2171,2209,15794,-35,-30,-8
782260,2166,2058,2118,-2088,2208,15762,-30,-29,-11
782262,2154,2055,2114,-2088,2208,15762,-21,-28,-13
782263,2154,2054,2107,-2024,2227,15791,-7,-31,-15
782264,2160,2057,2112,-2024,2227,15791,2,-28,-13
782266,2158,2057,2116,-2020,2232,15897,9,-25,-14
782267,2167,2058,2118,-2020,2232,15897,9,-25,-14
782268,2165,2056,2115,-2020,2232,15897,11,-17,-17
782270,2154,2055,2111,-2030,2281,15962,12,-10,-16
782271,2146,2056,2113,-2030,2281,15962,12,-4,-11
782273,2168,2058,2123,-2050,2301,15908,13,-1,-8
782274,2173,2057,2116,-2050,2301,15908,14,-6,-10
782275,2154,2053,2113,-2100,2296,15818,12,-11,-8
782277,2151,2056,2112,-2100,2296,15818,12,-11,-8
782278,2164,2059,2119,-2100,2296,15818,8,-18,-13
782279,2170,2057,2127,-2123,2297,15794,10,-28,-14
782281,2163,2055,2112,-2123,2297,15794,8,-31,-15
782282,2152,2054,2110,-2120,2286,15877,7,-29,-15
782284,2163,2056,2116,-2120,2286,15877,7,-21,-17
782285,2164,2056,2118,-2120,2286,15877,7,-21,-17
782286,2160,2056,2115,-2104,2262,15944,6,-14,-16
782288,2163,2057,2116,-2104,2262,15944,3,-7,-12
782289,2161,2054,2112,-2176,2242,15879,6,-2,-10
782290,2156,2057,2116,-2176,2242,15879,0,-2,-9
782292,2149,2057,2116,-2176,2242,15879,0,-2,-9
782293,2169,2061,2119,-2239,2246,15866,-3,-3,-8
782294,2165,2054,2116,-2239,2246,15866,0,-6,-5
782296,2154,2054,2111,-2285,2252,15896,2,-12,-1
782297,2158,2057,2114,-2285,2252,15896,4,-16,0
782298,2164,2059,2120,-2205,2284,15909,7,-18,4
782299,2167,2059,2121,-2205,2284,15909,7,-18,4
782301,2161,2054,2113,-2205,2284,15909,10,-24,0
782302,2106,2054,2110,-2088,2322,15899,7,-23,-4
782303,2161,2056,2117,-2088,2322,15899,4,-18,-5
782305,2164,2056,2119,-2039,2317,15835,-1,-19,-5
782306,2173,2057,2116,-2039,2317,15835,-1,-19,-5
782308,2159,2054,2109,-2039,2317,15835,-6,-15,-10
782309,2156,2057,2112,-2038,2287,15803,-9,-11,-14
782310,2203,2054,2116,-2038,2287,15803,-13,-11,-18
782312,2169,2058,2120,-2066,2272,15779,-13,-7,-20
782313,2157,2055,2112,-2066,2272,15779,-12,-3,-17
782315,2144,2052,2103,-2155,2227,15820,-10,-1,-21
782316,2154,2056,2116,-2155,2227,15820,-10,-1,-21
782317,2172,2058,2122,-2155,2227,15820,-8,-1,-24
782319,2168,2059,2117,-2176,2230,15857,-6,-5,-26
782320,2157,2057,2113,-2176,2230,15857,1,-13,-28
782321,2160,2055,2112,-2130,2317,15808,8,-24,-28
782323,2162,2058,2117,-2130,2317,15808,9,-34,-31
782324,2167,2058,2119,-2130,2317,15808,9,-34,-31
782326,2163,2057,2117,-2078,2332,15762,8,-41,-34
782327,2152,2054,2112,-2078,2332,15762,2,-48,-39
782328,2153,2057,2110,-1998,2343,15789,-11,-47,-44
782330,2163,2058,2119,-1998,2343,15789,-22,-42,-47
782331,2168,2058,2118,-1943,2362,15856,-29,-36,-57
782332,2167,2057,2113,-1943,2362,15856,-36,-31,-61
782334,2152,2055,2110,-1943,2362,15856,-36,-31,-61
782335,2156,2056,2118,-1944,2314,15886,-43,-23,-61
782337,2166,2057,2117,-1944,2314,15886,-45,-17,-62
782338,2166,2058,2116,-2002,2259,15959,-47,-12,-65
782340,2157,2052,2112,-2002,2259,15959,-47,-12,-69
782341,2154,2054,2112,-2077,2247,16033,-44,-7,-70
782342,2169,2056,2119,-2077,2247,16033,-38,-6,-74
782344,2164,2055,2107,-2077,2247,16033,-38,-6,-74
782345,2162,2056,2119,-2120,2242,16056,-32,-6,-76
782347,2150,2054,2110,-2120,2242,16056,-22,-5,-78
782348,2169,2057,2118,-2112,2217,16035,-14,-1,-85
782349,2167,2059,2116,-2112,2217,16035,-12,-1,-87
782351,2159,2056,2118,-2127,2221,15967,-4,4,-89
782352,2160,2055,2117,-2127,2221,15967,3,10,-93
782353,2154,2057,2115,-2127,2221,15967,3,10,-93
782355,2161,2054,2116,-2138,2265,16010,7,17,-92
782356,2160,2059,2117,-2138,2265,16010,10,25,-90
782357,2163,2059,2117,-2136,2311,16043,11,34,-86
782359,2158,2057,2110,-2136,2311,16043,14,41,-87
782360,2158,2056,2113,-2150,2342,16003,17,49,-88
782362,2163,2057,2116,-2150,2342,16003,17,49,-88
782363,2166,2058,2118,-2150,2342,16003,23,50,-88
782364,2168,2054,2118,-2207,2399,15928,24,50,-95
782366,2161,2055,2108,-2207,2399,15928,21,50,-94
782367,2153,2056,2115,-2258,2357,15892,17,48,-93
782368,2156,2056,2118,-2258,2357,15892,7,47,-94
782370,2166,2058,2118,-2258,2357,15892,7,47,-94
782371,2164,2057,2115,-2236,2398,15923,2,51,-93
782372,2163,2057,2114,-2236,2398,15923,-5,54,-91
782374,2154,2057,2115,-2170,2410,15876,-9,53,-90
782375,2160,2056,2106,-2170,2410,15876,-9,54,-90
782377,2165,2056,2123,-2170,2410,15876,-9,54,-90
782378,2165,2055,2115,-2176,2344,15805,-15,55,-90
782379,2154,2054,2112,-2176,2344,15805,-17,54,-92
782381,2161,2056,2118,-2280,2268,15858,-20,57,-92
782382,2165,2056,2119,-2280,2268,15858,-22,57,-91
782383,2154,2056,2112,-2316,2218,15835,-19,59,-95
782385,2155,2052,2115,-2316,2218,15835,-17,53,-96
782386,2160,2057,2112,-2316,2218,15835,-17,53,-96
782388,2164,2056,2122,-2336,2229,15832,-13,48,-93
782389,2169,2059,2119,-2336,2229,15832,-8,43,-93
782390,2167,2054,2116,-2386,2200,15777,-4,39,-85
782392,2141,2054,2104,-2386,2200,15777,-5,34,-84
782393,2161,2056,2118,-2374,2186,15798,-9,31,-83
782394,2168,2058,2119,-2374,2186,15798,-9,31,-83
782396,2166,2057,2118,-2374,2186,15798,-17,29,-82
782397,2158,2054,2115,-2330,2188,15816,-17,28,-81
782399,2158,2056,2109,-2330,2188,15816,-21,24,-79
782400,2161,2057,2115,-2277,2129,15759,-25,20,-76
782401,2161,2059,2122,-2277,2129,15759,-28,19,-73
782403,2167,2056,2119,-2259,2078,15705,-31,15,-72
782404,2158,2054,2111,-2259,2078,15705,-31,15,-72
782406,2152,2056,2113,-2259,2078,15705,-34,12,-74
782407,2163,2059,2120,-2295,2059,15701,-39,10,-71
782408,2162,2059,2121,-2295,2059,15701,-40,7,-72
782410,2167,2054,2115,-2273,2036,15734,-41,2,-68
782411,2156,2052,2112,-2273,2036,15734,-40,-6,-64
782412,2159,2057,2115,-2253,1986,15758,-41,-13,-61
782414,2167,2057,2118,-2253,1986,15758,-41,-13,-61
782415,2164,2058,2122,-2253,1986,15758,-44,-18,-60
782417,2161,2054,2112,-2243,1986,15772,-51,-20,-63
782418,2158,2055,2110,-2243,1986,15772,-54,-26,-66
782420,2157,2056,2116,-2233,1960,15775,-55,-28,-69
782421,2166,2060,2121,-2233,1960,15775,-58,-26,-70
782422,2167,2056,2118,-2246,1935,15824,-55,-28,-69
782424,2156,2055,2112,-2246,1935,15824,-55,-28,-69
782425,2161,2057,2114,-2246,1935,15824,-53,-27,-68
782427,2162,2059,2116,-2226,1893,15900,-46,-26,-63
782428,2164,2057,2118,-2226,1893,15900,-39,-28,-58
782430,2157,2052,2106,-2268,1880,15834,-31,-31,-62
782431,2155,2054,2116,-2268,1880,15834,-23,-34,-61
782432,2156,2059,2120,-2315,1890,15857,-17,-39,-56
782434,2165,2061,2122,-2315,1890,15857,-10,-40,-54
782435,2173,2059,2117,-2315,1890,15857,-10,-40,-54
782437,2153,2053,2108,-2289,1938,15900,-3,-42,-56
782438,2158,2057,2115,-2289,1938,15900,2,-45,-54
782439,2161,2057,2116,-2215,1980,15879,6,-47,-50
782441,2176,2057,2122,-2215,1980,15879,0,-43,-50
782442,2163,2055,2109,-2198,2007,15908,-5,-38,-53
782444,2137,2052,2101,-2198,2007,15908,-12,-31,-49
782445,2159,2058,2116,-2198,2007,15908,-12,-31,-49
782446,2169,2056,2120,-2198,2059,16009,-20,-21,-45
782448,2167,2056,2118,-2198,2059,16009,-25,-14,-42
782449,2119,2055,2110,-2172,2097,16041,-24,-8,-40
782451,2157,2056,2115,-2172,2097,16041,-25,-4,-37
782452,2160,2059,2117,-2244,2040,15989,-26,-3,-35
782453,2213,2056,2119,-2244,2040,15989,-30,-7,-34
782455,2159,2055,2115,-2244,2040,15989,-30,-7,-34
782456,2155,2055,2111,-2310,1968,15957,-30,-7,-31
782458,2164,2057,2117,-2310,1968,15957,-30,-8,-32
782459,2154,2056,2118,-2329,1968,15989,-31,-14,-33
782460,2164,2057,2116,-2329,1968,15989,-27,-14,-33
782462,2168,2055,2115,-2303,1975,16011,-24,-11,-31
782463,2154,2057,2117,-2303,1975,16011,-19,-8,-27
782465,2163,2059,2116,-2303,1975,16011,-19,-8,-27
782466,2163,2059,2115,-2274,1950,15989,-16,-3,-22
782467,2164,2056,2119,-2274,1950,15989,-13,2,-22
782469,2156,2055,2113,-2257,1907,15932,-5,4,-20
782470,2155,2054,2109,-2257,1907,15932,3,6,-18
782471,2159,2059,2116,-2224,1940,15860,10,8,-16
782473,2167,2058,2119,-2224,1940,15860,10,8,-16
782474,2165,2056,2116,-2224,1940,15860,21,8,-15
782475,2158,2055,2115,-2245,1948,15840,26,9,-18
782477,2152,2055,2114,-2245,1948,15840,30,10,-18
782478,2164,2059,2121,-2245,1944,15918,29,12,-15
782479,2164,2056,2117,-2245,1944,15918,25,16,-14
782481,2158,2054,2115,-2245,1944,15918,25,16,-14
782482,2153,2052,2112,-2201,2013,15938,21,17,-13
782484,2158,2056,2109,-2201,2013,15938,17,16,-15
782485,2167,2056,2121,-2241,2020,15889,17,16,-15
782486,2165,2058,2115,-2241,2020,15889,15,15,-16
782488,2162,2055,2115,-2330,1985,15843,13,15,-17
782489,2139,2053,2108,-2330,1985,15843,13,15,-17
782490,2165,2058,2118,-2330,1985,15843,10,12,-19
782492,2171,2056,2122,-2312,1981,15800,8,11,-19
782493,2167,2057,2117,-2312,1981,15800,12,8,-21
782494,2155,2055,2108,-2287,1992,15791,12,8,-18
782496,2158,2057,2114,-2287,1992,15791,11,10,-17
782497,2163,2058,2119,-2287,1992,15791,11,10,-17
782498,2164,2057,2119,-2317,2012,15793,11,10,-17
782500,2161,2055,2115,-2317,2012,15793,6,11,-17
782501,2158,2052,2107,-2351,2024,15839,3,12,-15
782503,2159,2056,2118,-2351,2024,15839,2,10,-13
782504,2161,2057,2110,-2351,2024,15839,2,10,-13
782505,2164,2056,2122,-2384,2008,15876,2,6,-8
782506,2164,2057,2112,-2384,2008,15876,3,2,-7
782508,2111,2055,2106,-2438,1969,15823,6,-1,-3
782509,2156,2057,2114,-2438,1969,15823,9,-4,3
782510,2159,2054,2113,-2438,1969,15823,9,-4,3
782512,2166,2059,2120,-2469,1952,15826,11,-11,5
782513,2158,2057,2113,-2469,1952,15826,14,-18,5
782514,2156,2055,2114,-2415,1985,15845,18,-20,7
782516,2161,2057,2116,-2415,1985,15845,20,-24,10
782517,2161,2059,2124,-2327,2005,15786,21,-29,12
782518,2164,2058,2118,-2327,2005,15786,21,-29,12
782520,2162,2054,2109,-2327,2005,15786,20,-33,14
782521,2153,2054,2113,-2256,1999,15735,17,-37,13
782522,2161,2056,2118,-2256,1999,15735,13,-39,10
782524,2165,2057,2123,-2256,2010,15762,7,-41,9
782525,2167,2059,2116,-2256,2010,15762,7,-41,9
782526,2160,2055,2111,-2256,2010,15762,1,-41,5
782528,2157,2056,2114,-2171,2042,15802,-2,-44,2
782529,2159,2057,2117,-2171,2042,15802,-4,-48,3
782530,2165,2058,2119,-2117,2038,15818,-5,-48,2
782532,2164,2058,2117,-2117,2038,15818,-9,-46,-1
782533,2157,2054,2110,-2117,2038,15818,-9,-46,-1
782535,2157,2056,2114,-2154,1987,15882,-12,-45,-2
782536,2160,2056,2121,-2154,1987,15882,-16,-45,0
782537,2164,2056,2119,-2163,2008,15884,-18,-46,-2
782539,2162,2057,2114,-2163,2008,15884,-14,-50,-8
782540,2155,2055,2110,-2200,2017,15824,-8,-57,-11
782541,2159,2056,2117,-2200,2017,15824,-8,-57,-11
782543,2163,2057,2116,-2200,2017,15824,-3,-58,-14
782544,2165,2056,2119,-2238,2023,15825,0,-59,-15
782546,2161,2055,2115,-2238,2023,15825,3,-61,-17
782547,2154,2056,2110,-2261,2067,15863,3,-63,-19
782548,2161,2057,2117,-2261,2067,15863,2,-63,-19
782550,2162,2056,2119,-2257,2084,15866,0,-64,-19
782551,2166,2056,2119,-2257,2084,15866,0,-64,-19
782552,2158,2052,2107,-2257,2084,15866,1,-63,-19
782554,2154,2057,2114,-2232,2080,15883,0,-59,-19
782555,2162,2056,2116,-2232,2080,15883,-4,-56,-16
782557,2162,2056,2112,-2243,2094,15973,-7,-55,-18
782558,2166,2057,2111,-2243,2094,15973,-10,-52,-20
782559,2157,2053,2119,-2243,2094,15973,-10,-52,-20
782561,2155,2055,2121,-2236,2109,15996,-8,-54,-20
782562,2164,2058,2117,-2236,2109,15996,-9,-54,-20
782564,2164,2059,2117,-2223,2123,16024,-9,-50,-19
782565,2161,2057,2111,-2223,2123,16024,-8,-41,-14
782566,2156,2054,2116,-2225,2016,16085,-9,-30,-9
782568,2159,2057,2117,-2225,2016,16085,-8,-18,-6
782569,2159,2059,2120,-2225,2016,16085,-8,-18,-6
782570,2172,2059,2123,-2229,1993,16060,-12,-10,-4
782572,2160,2053,2106,-2229,1993,16060,-9,-10,-6
782573,2197,2057,2116,-2234,2005,16035,-3,-12,-9
782575,2166,2058,2118,-2234,2005,16035,2,-13,-8
782576,2168,2058,2117,-2263,2025,16000,16,-18,-7
782577,2167,2056,2114,-2263,2025,16000,16,-18,-7
782579,2155,2052,2113,-2263,2025,16000,22,-13,-10
782580,2155,2058,2116,-2183,2019,15946,23,-11,-10
782581,2165,2057,2108,-2183,2019,15946,19,-6,-10
782583,2168,2057,2125,-2165,2012,15941,13,2,-11
782584,2163,2056,2114,-2165,2012,15941,7,11,-11
782585,2155,2054,2113,-2165,2012,15941,7,11,-11
782587,2159,2056,2117,-2219,2058,15996,4,20,-8
782588,2163,2058,2119,-2219,2058,15996,-2,29,-6
782589,2164,2057,2118,-2244,2075,16062,-5,35,-4
782591,2161,2054,2112,-2244,2075,16062,-5,36,1
782592,2154,2054,2113,-2244,2075,16062,-5,36,1
782593,2159,2056,2115,-2229,2048,16075,-6,33,4
782595,2163,2059,2121,-2229,2048,16075,-5,32,5
782596,2163,2059,2116,-2220,1997,16098,-6,31,3
782597,2160,2054,2112,-2220,1997,16098,-5,32,3
782599,2154,2055,2110,-2220,1997,16098,-5,32,3
782600,2161,2056,2116,-2163,1974,16058,0,34,7
782601,2165,2057,2123,-2163,1974,16058,5,34,8
782603,2166,2059,2117,-2095,1975,15951,9,33,9
782604,2161,2054,2114,-2095,1975,15951,14,38,10
782605,2156,2055,2109,-2095,1975,15951,14,38,10
782606,2162,2059,2118,-2073,1947,15867,19,41,8
782608,2152,2057,2117,-2073,1947,15867,23,44,8
782609,2174,2056,2116,-2065,1936,15830,27,48,5
782610,2165,2055,2110,-2065,1936,15830,30,52,2
782612,2150,2054,2116,-2065,1936,15830,30,52,2
782613,2152,2056,2115,-2125,1924,15817,29,54,0
782614,2169,2056,2115,-2125,1924,15817,26,54,-1
782616,2167,2056,2117,-2221,1886,15841,26,52,0
782617,2158,2056,2114,-2221,1886,15841,30,45,5
782618,2154,2057,2110,-2290,1914,15834,39,39,3
782620,2162,2059,2121,-2290,1914,15834,39,39,3
782621,2165,2058,2124,-2290,1914,15834,47,33,1
782622,2171,2057,2119,-2305,1940,15825,52,24,3
782624,2159,2055,2106,-2305,1940,15825,55,17,-2
782625,2157,2056,2115,-2329,1975,15793,58,11,-7
782626,2162,2059,2113,-2329,1975,15793,58,11,-7
782628,2167,2056,2118,-2329,1975,15793,58,1,-7
782629,2162,2056,2117,-2272,2045,15700,52,-3,-9
782630,2152,2054,2111,-2272,2045,15700,47,-8,-10
782632,2159,2056,2117,-2238,2094,15701,38,-8,-12
782633,2160,2056,2116,-2238,2094,15701,38,-8,-12
782634,2164,2057,2118,-2238,2094,15701,23,-5,-12
782636,2158,2054,2114,-2208,2116,15768,10,-3,-12
782637,2159,2052,2115,-2208,2116,15768,3,4,-12
782638,2165,2057,2116,-2243,2142,15853,-6,8,-9
782640,2163,2057,2118,-2243,2142,15853,-9,8,-6
782641,2161,2054,2107,-2243,2142,15853,-9,8,-6
782642,2162,2057,2117,-2299,2130,15863,-10,5,-9
782644,2154,2055,2116,-2299,2130,15863,-12,2,-10
782645,2157,2056,2117,-2397,2084,15818,-12,-2,-11
782646,2164,2056,2121,-2397,2084,15818,-12,-9,-9
782648,2153,2057,2121,-2460,2006,15827,-13,-13,-6
782649,2164,2056,2114,-2460,2006,15827,-13,-13,-6
782650,2156,2059,2113,-2460,2006,15827,-13,-15,-8
782652,2163,2058,2116,-2436,2015,15889,-10,-15,-2
782653,2168,2058,2118,-2436,2015,15889,-5,-17,3
782655,2167,2057,2116,-2391,2039,15849,1,-17,7
782656,2154,2053,2104,-2391,2039,15849,6,-20,12
782657,2158,2056,2113,-2391,2039,15849,6,-20,12
782659,2162,2056,2116,-2344,2067,15841,12,-18,11
782660,2158,2056,2116,-2344,2067,15841,10,-22,13
782661,2165,2055,2116,-2288,2055,15867,4,-25,11
782663,2158,2055,2110,-2288,2055,15867,1,-31,11
782664,2157,2057,2113,-2288,2055,15867,1,-31,11
782665,2162,2058,2121,-2259,2098,15855,-1,-36,8
782667,2167,2054,2119,-2259,2098,15855,-4,-40,6
782668,2157,2051,2096,-2252,2103,15858,-9,-42,3
782669,2154,2057,2114,-2252,2103,15858,-16,-40,4
782671,2161,2057,2122,-2217,2060,15895,-17,-35,5
782672,2165,2058,2116,-2217,2060,15895,-17,-35,5
782673,2158,2059,2120,-2217,2060,15895,-14,-31,3
782675,2163,2055,2115,-2154,2037,15856,-16,-28,-2
782676,2154,2054,2112,-2154,2037,15856,-11,-25,-5
782678,2153,2057,2116,-2165,2022,15846,-7,-21,-11
782679,2165,2059,2119,-2165,2022,15846,-5,-19,-12
782680,2166,2057,2114,-2242,2053,15877,4,-21,-13
782682,2160,2051,2104,-2242,2053,15877,4,-21,-13
782683,2151,2054,2118,-2242,2053,15877,13,-22,-15
782684,2164,2058,2116,-2250,2064,15850,13,-23,-20
782686,2150,2057,2117,-2250,2064,15850,9,-25,-21
782687,2163,2054,2110,-2233,2106,15891,5,-28,-21
782689,2161,2054,2111,-2233,2106,15891,2,-29,-23
782690,2159,2057,2114,-2233,2106,15891,2,-29,-23
782691,2162,2059,2118,-2255,2131,15968,0,-26,-21
782693,2169,2059,2119,-2255,2131,15968,-4,-21,-19
782694,2162,2054,2112,-2204,2136,15984,-7,-18,-16
782695,2152,2056,2115,-2204,2136,15984,-10,-15,-13
782697,2163,2056,2119,-2210,2119,15938,-17,-14,-15
782698,2160,2054,2112,-2210,2119,15938,-22,-10,-16
782700,2163,2057,2116,-2210,2119,15938,-22,-10,-16
782701,2157,2054,2110,-2249,2081,15987,-23,-6,-17
782703,2160,2056,2119,-2249,2081,15987,-23,1,-18
782704,2165,2056,2118,-2299,2082,15944,-21,0,-18
782705,2167,2057,2116,-2299,2082,15944,-16,-5,-17
782707,2161,2054,2112,-2326,2028,15887,-19,-10,-15
782708,2156,2055,2117,-2326,2028,15887,-19,-10,-15
782710,2156,2059,2116,-2326,2028,15887,-21,-8,-13
782711,2161,2056,2116,-2311,2000,15881,-24,-12,-12
782712,2165,2054,2111,-2311,2000,15881,-24,-16,-10
782714,2162,2055,2109,-2236,1986,15937,-25,-14,-9
782715,2124,2055,2104,-2236,1986,15937,-23,-12,-6
782717,2170,2058,2121,-2196,1951,15937,-13,-8,-7
782718,2167,2058,2118,-2196,1951,15937,-7,1,-7
782719,2168,2057,2117,-2196,1951,15937,-7,1,-7
782721,2159,2054,2114,-2222,1907,15957,-5,10,-11
782722,2152,2057,2119,-2222,1907,15957,-1,15,-11
782723,2163,2056,2109,-2288,1881,15913,5,19,-9
782725,2164,2056,2118,-2288,1881,15913,10,22,-8
782726,2165,2054,2116,-2288,1881,15913,10,22,-8
782727,2152,2054,2110,-2281,1921,15834,17,18,-5
782729,2154,2056,2116,-2281,1921,15834,24,13,-4
782730,2164,2056,2116,-2293,1966,15796,23,7,-8
782731,2162,2057,2116,-2293,1966,15796,19,0,-12
782733,2167,2054,2112,-2293,1966,15796,19,0,-12
782734,2157,2055,2112,-2335,2020,15824,12,-7,-16
782735,2161,2057,2119,-2335,2020,15824,7,-10,-15
782737,2161,2057,2117,-2318,2063,15854,2,-14,-12
782738,2167,2057,2117,-2318,2063,15854,-1,-14,-7
782739,2168,2055,2116,-2242,2090,15866,-4,-14,-3
782741,2158,2055,2115,-2242,2090,15866,-4,-14,-3
782742,2160,2057,2115,-2242,2090,15866,-8,-16,-3
782743,2163,2058,2119,-2189,2080,15934,-15,-11,-5
782745,2165,2057,2117,-2189,2080,15934,-21,-9,1
782746,2161,2055,2114,-2189,2049,15960,-23,-10,-2
782748,2155,2054,2115,-2189,2049,15960,-21,-11,-3
782749,2161,2056,2115,-2141,2022,15918,-19,-12,-4
782750,2169,2059,2120,-2141,2022,15918,-19,-12,-4
782752,2160,2055,2117,-2141,2022,15918,-17,-15,-6
782753,2152,2053,2103,-2169,1955,15899,-18,-13,-10
782755,2157,2054,2121,-2169,1955,15899,-17,-14,-6
782756,2160,2056,2119,-2224,1880,15858,-18,-14,-8
782757,2165,2059,2121,-2224,1880,15858,-18,-13,-9
782759,2160,2056,2110,-2219,1862,15848,-14,-11,-11
782760,2155,2056,2113,-2219,1862,15848,-14,-11,-11
782762,2165,2057,2118,-2219,1862,15848,-8,-11,-11
782763,2164,2057,2114,-2223,1876,15859,0,-11,-13
782764,2151,2055,2110,-2223,1876,15859,5,-11,-13
782766,2154,2055,2114,-2249,1896,15864,9,-7,-15
782767,2166,2056,2112,-2249,1896,15864,13,-4,-16
782768,2165,2056,2119,-2249,1896,15864,13,-4,-16
782770,2168,2056,2118,-2291,1952,15977,13,0,-14
782771,2163,2057,2118,-2291,1952,15977,15,2,-12
782772,2149,2053,2110,-2280,2052,15999,21,3,-11
782774,2163,2057,2117,-2280,2052,15999,19,4,-9
782775,2148,2057,2116,-2286,2046,15922,16,-3,-6
782776,2165,2058,2118,-2286,2046,15922,16,-3,-6
782778,2159,2052,2102,-2286,2046,15922,14,-7,-3
782779,2158,2055,2113,-2299,2060,15901,6,-9,-5
782780,2161,2057,2119,-2299,2060,15901,-1,-12,-6
782782,2161,2058,2118,-2248,2064,15940,-5,-13,-7
782783,2167,2058,2120,-2248,2064,15940,-5,-13,-7
782785,2160,2055,2113,-2248,2064,15940,-8,-9,-5
782786,2153,2053,2102,-2218,2015,15938,-10,-7,-5
782787,2158,2054,2116,-2218,2015,15938,-11,0,-4
782789,2167,2061,2123,-2232,1940,15907,-9,2,-2
782790,2168,2056,2117,-2232,1940,15907,-8,6,-3
782791,2145,2053,2108,-2232,1940,15907,-8,6,-3
782792,2160,2058,2118,-2210,1908,15933,-2,9,-2
782794,2163,2058,2112,-2210,1908,15933,5,11,-3
782795,2166,2059,2116,-2227,1924,15945,12,14,-5
782796,2162,2054,2120,-2227,1924,15945,17,14,-6
782798,2156,2055,2108,-2227,1924,15945,17,14,-6
782799,2158,2056,2114,-2242,1948,15946,23,16,-9
782800,2154,2057,2114,-2242,1948,15946,29,17,-7
782802,2169,2059,2118,-2283,1953,15920,29,14,-4
782803,2168,2057,2115,-2283,1953,15920,25,15,-7
782804,2152,2053,2111,-2283,1953,15920,25,15,-7
782806,2156,2057,2115,-2302,1976,15847,23,13,-7
782807,2166,2059,2117,-2302,1976,15847,25,7,-5
782808,2148,2057,2114,-2281,2034,15889,27,3,-2
782810,2155,2055,2112,-2281,2034,15889,26,1,-6
782811,2161,2052,2111,-2270,2093,15926,26,4,-5
782812,2165,2057,2115,-2270,2093,15926,26,4,-5
782814,2161,2059,2121,-2270,2093,15926,24,5,-5
782815,2161,2057,2111,-2243,2120,15859,22,7,-5
782816,2165,2054,2114,-2243,2120,15859,17,9,-8
782818,2157,2055,2115,-2276,2045,15796,6,9,-10
782819,2154,2056,2119,-2276,2045,15796,6,9,-10
782820,2166,2059,2117,-2276,2045,15796,-2,7,-13
782822,2169,2057,2119,-2305,1989,15805,-10,9,-13
782823,2159,2055,2115,-2305,1989,15805,-12,10,-12
782824,2152,2054,2111,-2306,1968,15813,-13,12,-12
782826,2154,2056,2116,-2306,1968,15813,-13,12,-12
782827,2164,2059,2117,-2306,1968,15813,-11,12,-11
782828,2168,2059,2118,-2317,1942,15855,-10,13,-13
782830,2167,2055,2117,-2317,1942,15855,-8,15,-14
782831,2153,2057,2112,-2325,1921,15875,-2,12,-12
782833,2160,2059,2117,-2325,1921,15875,7,8,-10
782834,2165,2058,2119,-2334,1911,15864,17,3,-11
782835,2162,2056,2117,-2334,1911,15864,17,3,-11
782837,2155,2052,2112,-2334,1911,15864,19,-1,-11
782838,2159,2056,2113,-2326,1972,15846,23,-4,-7
782839,2159,2056,2118,-2326,1972,15846,27,-6,-7
782841,2167,2058,2120,-2289,2068,15903,26,-8,-9
782842,2154,2055,2114,-2289,2068,15903,26,-8,-9
782843,2157,2053,2098,-2289,2068,15903,22,-7,-11
782845,2173,2056,2121,-2269,2116,15925,17,-6,-10
782846,2165,2058,2119,-2269,2116,15925,8,-3,-9
782847,2165,2056,2119,-2248,2086,15894,1,-2,-11
782849,2161,2055,2112,-2248,2086,15894,-3,-3,-9
782850,2150,2055,2110,-2248,2086,15894,-3,-3,-9
782851,2153,2057,2115,-2311,2029,15800,-6,-3,-7
782853,2158,2058,2119,-2311,2029,15800,-8,-4,-5
782854,2169,2057,2117,-2351,2004,15808,-11,-3,-6
782855,2163,2057,2115,-2351,2004,15808,-15,-7,-7
782857,2152,2056,2116,-2365,1986,15885,-14,-6,-9
782858,2157,2055,2106,-2365,1986,15885,-14,-6,-9
782859,2167,2060,2120,-2365,1986,15885,-11,-6,-11
782861,2164,2057,2118,-2355,1968,15868,-5,-4,-10
782862,2200,2055,2113,-2355,1968,15868,-2,-7,-6
782864,2159,2057,2112,-2360,1941,15865,-2,-4,-3
782865,2146,2056,2114,-2360,1941,15865,-4,-4,-1
782866,2170,2057,2117,-2360,1941,15865,-4,-4,-1
782868,2162,2055,2114,-2343,1932,15888,-5,-5,-1
782869,2162,2053,2111,-2343,1932,15888,-1,-6,-2
782870,2157,2056,2114,-2319,1975,15876,1,-5,-1
782872,2161,2056,2118,-2319,1975,15876,6,-4,-5
782873,2164,2059,2119,-2319,1975,15876,6,-4,-5
782874,2162,2054,2115,-2311,2002,15880,8,-11,-8
782876,2151,2052,2111,-2311,2002,15880,9,-12,-5
782877,2155,2056,2112,-2257,1984,15909,8,-12,-7
782878,2208,2058,2123,-2257,1984,15909,5,-10,-9
782880,2169,2057,2122,-2257,1984,15909,5,-10,-9
782881,2156,2054,2111,-2244,2039,15913,1,-9,-10
782882,2198,2055,2110,-2244,2039,15913,0,-6,-8
782884,2159,2057,2115,-2251,2034,15952,-1,-6,-9
782885,2161,2056,2120,-2251,2034,15952,-5,-2,-10
782886,2167,2058,2114,-2290,2025,15968,-3,0,-9
782888,2164,2054,2112,-2290,2025,15968,-3,0,-9
782889,2160,2054,2121,-2290,2025,15968,1,1,-9
782890,2162,2056,2114,-2339,2002,15886,0,-4,-8
782891,2159,2058,2115,-2339,2002,15886,0,-5,-5
782893,2170,2058,2119,-2395,1978,15867,0,-8,-6
782894,2155,2055,2108,-2395,1978,15867,0,-8,-6
782895,2159,2055,2109,-2395,1978,15867,1,-11,-7
782897,2163,2056,2119,-2358,1952,15861,4,-12,-4
782898,2157,2056,2116,-2358,1952,15861,7,-11,-5
782899,2167,2058,2120,-2329,1967,15823,8,-10,-5
782901,2165,2053,2112,-2329,1967,15823,8,-10,-5
782902,2146,2054,2113,-2329,1967,15823,12,-10,-8
782903,2169,2058,2121,-2301,2011,15781,15,-10,-11
782905,2170,2059,2121,-2301,2011,15781,15,-13,-14
782906,2153,2056,2107,-2273,2043,15812,13,-13,-17
782908,2163,2055,2117,-2273,2043,15812,12,-12,-15
782909,2160,2057,2124,-2273,2043,15812,12,-12,-15
782910,2162,2056,2112,-2283,2104,15862,6,-13,-13
782912,2167,2057,2116,-2283,2104,15862,0,-16,-14
782913,2162,2057,2112,-2329,2121,15829,-10,-17,-19
782915,2150,2055,2113,-2329,2121,15829,-17,-17,-19
782916,2150,2057,2114,-2399,2086,15779,-23,-20,-16
782917,2177,2058,2123,-2399,2086,15779,-30,-27,-15
782919,2166,2057,2118,-2399,2086,15779,-30,-27,-15
782920,2152,2053,2102,-2362,2041,15776,-37,-29,-15
782922,2157,2057,2115,-2362,2041,15776,-42,-33,-16
782923,2161,2056,2117,-2328,2020,15828,-45,-35,-17
782924,2161,2056,2116,-2328,2020,15828,-46,-31,-17
782926,2162,2054,2112,-2328,1933,15870,-43,-28,-14
782927,2162,2056,2113,-2328,1933,15870,-42,-27,-10
782929,2153,2057,2114,-2295,1901,15897,-38,-25,-8
782930,2157,2058,2121,-2295,1901,15897,-38,-25,-8
782932,2212,2059,2119,-2295,1901,15897,-33,-26,-13
782933,2205,2052,2114,-2259,1933,15960,-27,-29,-16
782934,2201,2057,2113,-2259,1933,15960,-24,-32,-22
782936,2163,2058,2114,-2303,1898,15944,-17,-34,-21
782937,2156,2056,2121,-2303,1898,15944,-14,-36,-20
782939,2152,2052,2114,-2319,1875,15913,-13,-38,-20
782940,2150,2055,2112,-2319,1875,15913,-10,-43,-19
782941,2164,2058,2117,-2319,1875,15913,-10,-43,-19
782943,2162,2058,2117,-2303,1916,15935,-8,-42,-19
782944,2174,2058,2118,-2303,1916,15935,-4,-40,-17
782946,2163,2054,2111,-2256,1901,15960,0,-34,-15
782947,2151,2054,2113,-2256,1901,15960,-1,-28,-14
782948,2162,2057,2117,-2191,1916,15895,2,-29,-16
782950,2162,2056,2123,-2191,1916,15895,2,-29,-16
782951,2161,2057,2115,-2191,1916,15895,1,-27,-20
782953,2159,2054,2110,-2228,1961,15875,-3,-28,-23
782954,2159,2056,2119,-2228,1961,15875,-9,-27,-24
782955,2161,2057,2112,-2244,1959,15895,-17,-26,-25
782957,2168,2057,2117,-2244,1959,15895,-22,-27,-23
782958,2164,2055,2120,-2224,1940,15941,-31,-27,-20
782960,2146,2055,2107,-2224,1940,15941,-31,-27,-20
782961,2160,2058,2119,-2224,1940,15941,-39,-24,-18
782962,2167,2054,2133,-2236,1887,16066,-43,-17,-17
782964,2158,2056,2116,-2236,1887,16066,-51,-6,-17
782965,2159,2054,2111,-2280,1819,16167,-54,7,-10
782967,2161,2058,2115,-2280,1819,16167,-52,19,-6
782968,2207,2058,2117,-2363,1757,16068,-44,24,-1
782969,2160,2059,2120,-2363,1757,16068,-44,24,-1
782971,2167,2053,2118,-2363,1757,16068,-28,24,0
782972,2157,2052,2112,-2400,1723,15920,-13,17,0
782973,2159,2056,2115,-2400,1723,15920,0,10,2
782975,2161,2057,2117,-2427,1786,15996,13,2,3
782976,2163,2057,2118,-2427,1786,15996,13,2,3
782977,2166,2056,2116,-2427,1786,15996,27,-1,5
782979,2157,2053,2111,-2264,1938,15965,40,-2,10
782980,2156,2057,2117,-2264,1938,15965,46,-5,13
782981,2167,2058,2119,-2125,2021,15828,45,-4,15
782983,2164,2057,2119,-2125,2021,15828,40,-2,15
782984,2151,2054,2114,-2125,2021,15828,40,-2,15
782985,2156,2055,2112,-2121,2111,15832,24,-2,14
782987,2162,2056,2114,-2121,2111,15832,9,2,12
782988,2165,2057,2130,-2175,2130,15910,-4,4,9
782989,2152,2053,2108,-2175,2130,15910,-20,8,9
782990,2158,2059,2116,-2175,2130,15910,-20,8,9
782992,2156,2054,2112,-2201,2088,16009,-30,12,13
782993,2166,2057,2117,-2201,2088,16009,-41,22,13
782994,2162,2057,2116,-2248,2012,16021,-52,30,11
782996,2164,2057,2118,-2248,2012,16021,-57,33,13
782997,2161,2055,2113,-2248,2012,16021,-57,33,13
782999,2155,2055,2115,-2315,1952,15874,-53,36,16
783000,2160,2057,2117,-2315,1952,15874,-43,31,20
783001,2164,2056,2119,-2366,1906,15775,-27,22,19
783003,2163,2056,2119,-2366,1906,15775,-13,11,21
783004,2157,2053,2110,-2329,1923,15789,0,-4,19
783005,2157,2056,2117,-2329,1923,15789,0,-4,19
783007,2161,2057,2118,-2329,1923,15789,11,-18,19
783008,2177,2057,2117,-2222,1980,15797,16,-28,17
783009,2174,2059,2120,-2222,1980,15797,21,-40,18
783011,2139,2053,2107,-2093,1962,15840,13,-45,13
783012,2164,2056,2117,-2093,1962,15840,2,-42,6
783013,2162,2056,2117,-2093,1962,15840,2,-42,6
783015,2166,2056,2123,-2040,1924,15882,-9,-36,-2
783016,2165,2054,2112,-2040,1924,15882,-22,-26,-11
783017,2155,2052,2108,-2044,1837,15956,-31,-17,-16
783019,2161,2058,2118,-2044,1837,15956,-35,-11,-26
783020,2166,2059,2119,-2071,1787,15921,-32,-12,-30
783022,2167,2059,2115,-2071,1787,15921,-22,-21,-30
783023,2157,2057,2110,-2071,1787,15921,-22,-21,-30
783025,2159,2056,2119,-2125,1762,15791,-7,-39,-30
783026,2153,2053,2101,-2125,1762,15791,1,-49,-27
783027,2167,2057,2114,-2148,1614,15771,3,-56,-30
783029,2164,2056,2118,-2148,1614,15771,5,-58,-32
783030,2155,2053,2109,-2157,1522,15801,2,-52,-32
783031,2161,2056,2117,-2157,1522,15801,2,-52,-32
783033,2162,2056,2117,-2157,1522,15801,2,-44,-31
783034,2166,2057,2119,-2199,1494,15756,5,-33,-27
783036,2165,2054,2114,-2199,1494,15756,12,-23,-28
783037,2154,2053,2114,-2301,1487,15794,21,-15,-28
783038,2156,2056,2117,-2301,1487,15794,33,-8,-33
783040,2166,2057,2116,-2301,1487,15794,33,-8,-33
783041,2163,2061,2121,-2443,1387,15910,46,-3,-35
783042,2160,2053,2110,-2443,1387,15910,58,0,-34
783044,2162,2054,2108,-2549,1375,16007,67,-5,-25
783045,2160,2059,2131,-2549,1375,16007,84,-13,-23
783046,2166,2058,2129,-2599,1542,16060,104,-20,-28
783048,2164,2056,2112,-2599,1542,16060,125,-22,-35
783049,2165,2056,2110,-2599,1542,16060,125,-22,-35
783051,2157,2058,2119,-2586,1688,16081,139,-18,-33
783052,2152,2055,2115,-2586,1688,16081,148,-15,-24
783054,2180,2052,2125,-2470,1899,15920,156,-14,-22
783055,2084,2053,2113,-2470,1899,15920,159,-12,-25
783056,2143,2058,2114,-2388,2213,15931,150,-2,-28
783058,2167,2057,2117,-2388,2213,15931,135,8,-28
783059,2183,2060,2122,-2388,2213,15931,135,8,-28
783061,2228,2055,2119,-2306,2516,16012,125,19,-31
783062,2150,2051,2103,-2306,2516,16012,120,19,-36
783063,2104,2061,2112,-2233,2722,15684,114,2,-35
783065,2162,2056,2133,-2233,2722,15684,100,-25,-40
783066,2190,2058,2119,-2351,2758,15309,78,-52,-49
783068,2176,2056,2116,-2351,2758,15309,48,-81,-60
783069,2132,2052,2097,-2351,2758,15309,48,-81,-60
783070,2165,2059,2121,-2467,2633,14995,6,-112,-69
783072,2169,2058,2123,-2467,2633,14995,-39,-148,-74
783073,2172,2056,2123,-2472,2401,14704,-87,-188,-77
783075,2173,2053,2123,-2472,2401,14704,-140,-223,-78
783076,2117,2052,2101,-2512,2190,15057,-194,-243,-76
783078,2163,2056,2114,-2512,2190,15057,-245,-243,-71
783079,2150,2055,2117,-2438,2128,15968,-291,-222,-65
783080,2188,2055,2128,-2438,2128,15968,-291,-222,-65
783082,2125,2057,2104,-2438,2128,15968,-322,-193,-53
783083,2176,2057,2125,-2155,2097,16460,-342,-167,-38
783085,2188,2057,2111,-2155,2097,16460,-354,-146,-26
783086,2169,2056,2114,-1942,1988,16532,-354,-141,-23
783088,2152,2050,2109,-1942,1988,16532,-343,-159,-23
783089,2121,2058,2114,-1951,1740,16031,-312,-190,-23
783091,2143,2055,2126,-1951,1740,16031,-274,-224,-26
783092,2163,2060,2117,-2162,1479,15609,-230,-256,-36
783094,2161,2057,2114,-2162,1479,15609,-194,-288,-52
783095,2172,2056,2112,-2158,1441,15466,-155,-316,-72
783097,2165,2054,2120,-2158,1441,15466,-155,-316,-72
783098,2157,2056,2111,-2158,1441,15466,-108,-338,-105
783100,2148,2045,2103,-1975,1705,15421,-60,-359,-133
783101,2172,2058,2121,-1975,1705,15421,-11,-374,-153
783103,2156,2056,2114,-1865,1955,15564,24,-377,-160
783104,2166,2059,2120,-1865,1955,15564,45,-373,-167
783106,2163,2059,2117,-1781,2259,15612,55,-370,-172
783107,2167,2052,2112,-1781,2259,15612,54,-372,-175
783108,2162,2059,2117,-1655,2525,15587,35,-379,-186
783110,2152,2053,2115,-1655,2525,15587,-1,-376,-198
783111,2203,2062,2129,-1655,2525,15587,-1,-376,-198
783113,2142,2059,2120,-1697,2559,16038,-56,-356,-207
783114,2167,2056,2115,-1697,2559,16038,-114,-317,-215
783116,2170,2056,2114,-1617,2568,16802,-174,-270,-218
783117,2132,2058,2125,-1617,2568,16802,-223,-223,-217
783119,2187,2059,2118,-1539,2675,17018,-254,-182,-217
783120,2162,2055,2110,-1539,2675,17018,-262,-161,-217
783122,2150,2054,2118,-1584,2648,16777,-258,-159,-220
783123,2170,2056,2114,-1584,2648,16777,-253,-175,-218
783125,2149,2058,2117,-1820,2095,16295,-261,-195,-213
783126,2159,2054,2114,-1820,2095,16295,-295,-212,-212
783128,2162,2056,2124,-1820,2095,16295,-295,-212,-212
783129,2167,2057,2105,-1853,1439,16264,-341,-219,-213
783131,2168,2059,2123,-1853,1439,16264,-384,-213,-215
783132,2173,2061,2114,-1639,1158,16590,-404,-194,-209
783134,2103,2052,2111,-1639,1158,16590,-400,-156,-194
783135,2177,2062,2116,-1419,903,17038,-377,-106,-167
783137,2175,2057,2116,-1419,903,17038,-338,-44,-145
783138,2162,2056,2104,-1269,751,17211,-289,17,-133
783140,2165,2055,2114,-1269,751,17211,-226,59,-125
783141,2169,2058,2115,-1273,723,16605,-152,76,-125
783142,2134,2050,2105,-1273,723,16605,-152,76,-125
783144,2157,2056,2123,-1273,723,16605,-88,70,-130
783145,2164,2057,2120,-1557,405,16140,-52,57,-130
783147,2140,2045,2102,-1557,405,16140,-33,37,-129
783148,2164,2061,2117,-1679,586,15643,-8,0,-135
783149,2188,2056,2122,-1679,586,15643,23,-49,-141
783151,2139,2059,2116,-1615,754,15313,36,-86,-148
783152,2191,2053,2120,-1615,754,15313,36,-86,-148
783154,2170,2056,2101,-1615,754,15313,29,-111,-158
783155,2125,2055,2113,-1361,805,15490,15,-126,-167
783156,2163,2060,2127,-1361,805,15490,-3,-132,-161
783158,2204,2054,2108,-1035,887,15781,-44,-124,-157
783159,2098,2053,2113,-1035,887,15781,-89,-111,-162
783161,2173,2053,2118,-883,1193,16302,-125,-99,-175
783162,2166,2058,2118,-883,1193,16302,-139,-91,-185
783164,2242,2057,2123,-883,1193,16302,-139,-91,-185
783165,2118,2043,2096,-870,1331,16450,-138,-77,-185
783167,2143,2054,2117,-870,1331,16450,-151,-58,-175
783168,2184,2050,2116,-1023,965,16328,-180,-48,-166
783169,2159,2060,2126,-1023,965,16328,-202,-60,-162
783171,2192,2053,2143,-1340,800,15557,-207,-98,-161
783172,2148,2054,2103,-1340,800,15557,-206,-142,-161
783174,2179,2062,2124,-1706,416,15096,-227,-184,-162
783175,2174,2052,2118,-1706,416,15096,-262,-224,-162
783177,2123,2054,2108,-1706,416,15096,-262,-224,-162
783178,2127,2059,2116,-1771,196,15615,-284,-257,-159
783180,2134,2044,2109,-1771,196,15615,-286,-283,-145
783181,2152,2053,2106,-1590,386,16386,-268,-290,-121
783183,2185,2062,2146,-1590,386,16386,-220,-271,-101
783184,2131,2059,2118,-1335,666,16899,-159,-238,-83
783186,2125,2053,2109,-1335,666,16899,-105,-211,-60
783187,2120,2059,2126,-1181,434,16330,-63,-206,-38
783188,2134,2058,2119,-1181,434,16330,-37,-221,-21
783190,2154,2050,2106,-1181,434,16330,-37,-221,-21
783191,2210,2055,2107,-1415,-101,15385,-49,-263,-13
783193,2144,2061,2121,-1415,-101,15385,-94,-309,-8
783194,2207,2060,2126,-1614,-359,16015,-163,-328,-8
783196,2097,2038,2107,-1614,-359,16015,-231,-309,1
783197,2132,2054,2107,-1076,111,17766,-264,-258,12
783198,2089,2054,2081,-1076,111,17766,-267,-186,24
783200,2172,2072,2151,-159,987,18984,-235,-97,27
783201,2149,2035,2210,-159,987,18984,-235,-97,27
783203,2076,2058,2087,-159,987,18984,-142,-17,22
783204,2273,2062,2096,195,1414,18341,-13,37,20
783205,2153,2055,2136,195,1414,18341,106,73,36
783207,2159,2067,2108,-747,326,16392,173,79,56
783208,2135,2051,2106,-747,326,16392,193,35,71
783209,2182,2056,2120,-747,326,16392,193,35,71
783211,2150,2050,2122,-2244,-745,13742,186,-61,83
783212,2109,2072,2117,-2244,-745,13742,162,-174,82
783213,2232,2037,2139,-2744,-951,13387,120,-263,76
783215,2181,2039,2081,-2744,-951,13387,69,-296,62
783216,2215,2075,2136,-1373,18,16748,37,-246,37
783217,2132,2063,2171,-1373,18,16748,37,-246,37
783219,2127,2057,2106,-1373,18,16748,41,-131,15
783220,2155,2074,2096,767,1388,19352,86,9,3
783221,2196,2057,2108,767,1388,19352,144,134,10
783223,2141,2011,2045,1579,1464,18016,172,191,18
783224,1987,2060,2102,1579,1464,18016,172,191,18
783225,2203,2068,2112,1579,1464,18016,173,188,15
783227,2163,2068,2141,-303,1167,16789,165,183,-2
783228,2170,2067,2076,-303,1167,16789,185,177,-8
783230,2342,2069,2198,-2063,773,15408,210,136,14
783231,2019,2036,2259,-2063,773,15408,223,62,34
783232,2190,2056,2061,-2063,773,15408,223,62,34
783234,2213,2069,2105,-2193,672,14726,208,3,21
783235,2167,2052,2106,-2193,672,14726,166,-10,-14
783236,2244,2068,2111,-1051,1335,15815,121,12,-63
783238,2243,2037,2142,-1051,1335,15815,99,32,-107
783239,2156,2064,2144,206,1827,15920,87,64,-138
783240,2135,2065,2130,206,1827,15920,87,64,-138
783242,2242,2035,2085,206,1827,15920,51,129,-145
783243,2230,2062,2144,247,1535,16617,-5,213,-134
783244,2299,2036,2108,247,1535,16617,-45,278,-127
783246,1896,2076,2098,-197,1569,16572,-59,307,-125
783247,2146,2055,2254,-197,1569,16572,-52,321,-135
783249,2218,2043,2070,-852,1421,16438,-44,319,-147
783250,2241,2068,2103,-852,1421,16438,-44,319,-147
783252,2172,2040,2130,-852,1421,16438,-32,298,-165
783253,2043,2055,2114,-1543,1284,16254,-20,263,-188
783254,2315,2061,2107,-1543,1284,16254,1,215,-215
783256,2222,2067,2113,-2148,1247,15345,33,163,-237
783257,2075,2015,2090,-2148,1247,15345,59,118,-242
783259,2148,2042,2100,-2387,968,14797,78,82,-234
783260,2299,2064,2110,-2387,968,14797,78,82,-234
783261,2054,2023,2091,-2387,968,14797,95,74,-220
783263,2215,2044,2092,-2133,798,15224,113,97,-204
783264,2247,2067,2120,-2133,798,15224,138,118,-189
783266,2087,2036,2096,-1536,865,15871,173,140,-174
783267,2142,2061,2114,-1536,865,15871,219,173,-151
783268,2245,2063,2124,-1386,842,16685,243,209,-124
783270,2006,2056,2128,-1386,842,16685,243,209,-124
783271,1914,2042,2077,-1386,842,16685,236,242,-99
783273,2222,2061,2115,-1538,1014,17431,201,264,-88
783274,2254,2053,2088,-1538,1014,17431,145,263,-89
783275,2262,2059,2166,-1828,1322,17568,85,238,-93
783277,2255,2057,2132,-1828,1322,17568,20,218,-94
783278,2132,2063,2107,-2211,1139,16933,-44,214,-82
783280,2287,2062,2125,-2211,1139,16933,-44,214,-82
783281,2140,2075,2121,-2211,1139,16933,-92,215,-64
783282,2237,2042,2179,-2048,1045,15731,-98,200,-46
783284,2077,2055,2098,-2048,1045,15731,-68,171,-37
783285,2055,2057,2106,-1571,863,15218,-30,152,-36
783287,2163,2042,2182,-1571,863,15218,-1,160,-40
783288,2136,2041,2066,-947,554,15520,30,181,-53
783289,2226,2069,2126,-947,554,15520,30,181,-53
783291,2300,2065,2159,-947,554,15520,77,209,-74
783292,1750,2050,2079,-525,541,16076,133,253,-91
783293,2293,2053,2121,-525,541,16076,199,295,-100
783295,2234,2073,2140,-913,481,16515,278,328,-94
783296,2286,2057,2137,-913,481,16515,343,349,-85
783298,2009,2045,2087,-913,481,16515,343,349,-85
783299,2185,2060,2121,-1680,480,17126,389,357,-76
783300,2222,2063,2090,-1680,480,17126,417,345,-76
783302,2184,2031,2126,-2389,761,17263,425,321,-84
783303,2233,2062,2129,-2389,761,17263,427,289,-96
783305,2103,2060,2106,-2978,1283,16604,428,250,-104
783306,2123,2069,2125,-2978,1283,16604,408,218,-105
783307,2100,2063,2164,-2978,1283,16604,408,218,-105
783309,2108,2016,2067,-3015,1754,16079,364,199,-99
783310,2373,2051,2146,-3015,1754,16079,304,182,-82
783312,1994,2070,2093,-2532,2237,15048,237,154,-58
783313,2285,2028,2097,-2532,2237,15048,161,130,-40
783315,2208,2060,2130,-2196,2370,14235,85,126,-21
783316,2065,2040,2089,-2196,2370,14235,7,132,0
783317,2216,2062,2130,-2196,2370,14235,7,132,0
783319,2194,2062,2126,-1832,2052,14184,-55,144,18
783320,1990,2050,2102,-1832,2052,14184,-106,166,34
783321,2045,2059,2096,-1527,1616,15229,-155,189,43
783323,2275,2060,2128,-1527,1616,15229,-197,201,43
783324,2181,2030,2112,-1650,1229,15980,-222,207,41
783326,2167,2056,2103,-1650,1229,15980,-218,204,47
783327,2133,2053,2125,-1650,1229,15980,-218,204,47
783328,1969,2051,2094,-2223,791,16581,-204,193,53
783330,2218,2059,2133,-2223,791,16581,-187,169,61
783331,2026,2045,2097,-2944,166,16502,-162,135,77
783333,2075,2045,2097,-2944,166,16502,-117,99,94
783334,2161,2068,2137,-3166,-116,16166,-63,77,107
783335,2172,2053,2103,-3166,-116,16166,-3,62,116
783337,2037,2056,2112,-3166,-116,16166,-3,62,116
783338,2195,2060,2119,-2647,232,16051,74,46,111
783339,2183,2053,2106,-2647,232,16051,148,40,97
783341,2021,2045,2109,-2143,831,15796,203,46,89
783342,2238,2063,2112,-2143,831,15796,231,61,88
783343,2182,2061,2122,-2009,1312,15510,234,73,94
783345,2090,2050,2115,-2009,1312,15510,234,73,94
783346,2271,2042,2109,-2009,1312,15510,213,80,102
783348,2242,2060,2113,-2141,1823,15271,176,82,107
783349,2137,2044,2114,-2141,1823,15271,126,76,112
783350,2267,2060,2127,-2111,2036,15367,57,72,115
783352,2117,2061,2105,-2111,2036,15367,-26,67,113
783353,2140,2054,2140,-2111,2036,15367,-26,67,113
783355,2213,2045,2100,-2121,2057,15377,-91,53,102
783356,2243,2055,2110,-2121,2057,15377,-134,38,90
783357,2159,2052,2113,-2225,1753,15351,-168,21,85
783359,2197,2060,2111,-2225,1753,15351,-178,14,84
783360,2148,2061,2120,-2228,1206,15496,-161,8,86
783361,2220,2050,2104,-2228,1206,15496,-122,5,89
783363,2196,2061,2113,-2228,1206,15496,-122,5,89
783364,2169,2057,2145,-2236,911,15829,-68,5,86
783365,2140,2044,2093,-2236,911,15829,0,1,78
783367,2213,2041,2100,-2312,864,16020,68,-13,67
783368,2184,2060,2115,-2312,864,16020,129,-28,60
783369,2244,2051,2113,-2312,864,16020,129,-28,60
783371,1946,2066,2116,-2369,932,16014,172,-43,55
783372,2239,2043,2110,-2369,932,16014,212,-54,50
783374,2192,2063,2128,-2329,1297,15788,247,-61,50
783375,2176,2058,2130,-2329,1297,15788,263,-64,53
783376,2144,2058,2119,-2288,1722,15786,256,-66,50
783378,2146,2057,2107,-2288,1722,15786,229,-74,42
783379,2160,2056,2114,-2288,1722,15786,229,-74,42
783380,2156,2051,2114,-2172,2022,15775,187,-85,36
783382,2175,2057,2121,-2172,2022,15775,136,-93,27
783383,2150,2045,2123,-2101,2259,15888,83,-97,16
783385,2145,2052,2097,-2101,2259,15888,30,-92,6
783386,2204,2053,2109,-2174,2187,15778,-24,-81,4
783387,2076,2056,2113,-2174,2187,15778,-24,-81,4
783389,2222,2053,2114,-2174,2187,15778,-68,-81,-1
783390,2175,2058,2118,-2245,2146,15572,-87,-92,-4
783391,2167,2055,2110,-2245,2146,15572,-82,-108,-11
783393,2178,2059,2120,-2328,1870,15619,-77,-131,-17
783394,2118,2055,2115,-2328,1870,15619,-87,-146,-22
783396,2108,2063,2121,-2614,1450,15758,-110,-148,-18
783397,2150,2052,2112,-2614,1450,15758,-122,-159,-13
783399,2148,2055,2117,-2614,1450,15758,-122,-159,-13
783400,2164,2059,2120,-2686,1454,15366,-102,-185,-9
783402,2165,2059,2119,-2686,1454,15366,-52,-203,-1
783403,2161,2056,2115,-2604,1349,15498,-9,-205,10
783404,2157,2055,2113,-2604,1349,15498,23,-208,22
783406,2166,2058,2119,-2476,1186,15443,44,-218,25
783407,2156,2056,2115,-2476,1186,15443,54,-234,26
783409,2157,2058,2116,-2476,1186,15443,54,-234,26
783410,2165,2054,2115,-2123,1206,15639,51,-251,21
783411,2154,2053,2113,-2123,1206,15639,33,-254,11
783413,2164,2057,2116,-1743,1400,16275,10,-245,-1
783414,2166,2059,2119,-1743,1400,16275,-16,-233,-14
783416,2153,2057,2114,-1601,1692,16357,-48,-224,-28
783417,2153,2052,2109,-1601,1692,16357,-89,-219,-44
783419,2173,2054,2114,-1559,1775,16089,-148,-214,-56
783420,2132,2057,2107,-1559,1775,16089,-148,-214,-56
783422,2167,2054,2121,-1559,1775,16089,-206,-199,-70
783423,2161,2042,2110,-1336,1751,15949,-256,-167,-81
783424,2153,2056,2117,-1336,1751,15949,-297,-116,-88
783426,2160,2056,2117,-1048,1710,16706,-322,-48,-86
783427,2163,2058,2116,-1048,1710,16706,-337,26,-73
783429,2162,2056,2114,-1399,1813,17614,-335,110,-55
783430,2160,2055,2113,-1399,1813,17614,-284,172,-23
783432,2151,2056,2117,-1935,1595,16145,-209,192,25
783433,2165,2058,2118,-1935,1595,16145,-209,192,25
783435,2163,2057,2116,-1935,1595,16145,-150,186,65
783436,2157,2052,2112,-2743,669,14928,-122,166,85
783437,2159,2057,2115,-2743,669,14928,-112,130,89
783439,2160,2056,2116,-3369,235,14827,-106,80,84
783440,2164,2059,2117,-3369,235,14827,-91,24,76
783441,2207,2056,2117,-3068,324,15112,-63,-33,70
783443,2154,2053,2111,-3068,324,15112,-63,-33,70
783444,2158,2057,2117,-3068,324,15112,-33,-79,66
783446,2160,2056,2118,-2227,714,16009,-1,-107,60
783447,2164,2054,2117,-2227,714,16009,30,-114,48
783448,2154,2054,2112,-1274,1272,16792,60,-107,28
783450,2156,2057,2116,-1274,1272,16792,81,-83,3
783451,2194,2055,2109,-1274,1272,16792,81,-83,3
783452,2075,2061,2121,-655,1594,17179,97,-41,-19
783454,2188,2058,2121,-655,1594,17179,103,16,-29
783455,2163,2054,2117,-541,1638,17992,94,93,-34
783456,2157,2056,2113,-541,1638,17992,89,171,-35
783458,2160,2057,2119,-880,2236,17783,131,231,-37
783459,2189,2058,2118,-880,2236,17783,131,231,-37
783461,2113,2057,2114,-880,2236,17783,234,267,-31
783462,2166,2053,2110,-1462,2446,15508,346,289,-24
783463,2169,2057,2117,-1462,2446,15508,395,290,-32
783465,2159,2057,2116,-2317,1568,14610,354,288,-52
783466,2168,2057,2118,-2317,1568,14610,245,278,-78
783468,2154,2054,2113,-3013,1210,14879,101,259,-105
783469,2156,2055,2114,-3013,1210,14879,101,259,-105
783471,2157,2057,2114,-3013,1210,14879,-28,222,-118
783472,2165,2058,2121,-3049,1727,14919,-118,174,-123
783473,2161,2056,2116,-3049,1727,14919,-170,118,-119
783475,2157,2053,2111,-2859,1856,15365,-206,70,-103
783476,2158,2056,2117,-2859,1856,15365,-236,41,-80
783478,2160,2058,2118,-2626,1484,16199,-270,31,-53
783479,2165,2059,2119,-2626,1484,16199,-309,42,-31
783481,2152,2056,2113,-2238,1149,16898,-346,62,-12
783482,2151,2054,2113,-2238,1149,16898,-346,62,-12
783483,2150,2056,2118,-2238,1149,16898,-365,88,0
783485,2182,2059,2119,-1875,952,17722,-371,136,6
783486,2167,2058,2112,-1875,952,17722,-352,196,4
783488,2152,2054,2116,-1578,1179,18366,-280,247,-1
783489,2160,2053,2120,-1578,1179,18366,-143,286,0
783490,2151,2057,2118,-1581,1166,17536,34,317,9
783492,2143,2054,2113,-1581,1166,17536,34,317,9
783493,2170,2056,2112,-1581,1166,17536,203,351,27
783494,2160,2054,2108,-2127,187,17014,342,392,51
783496,2163,2057,2115,-2127,187,17014,427,443,72
783497,2164,2055,2134,-2722,-521,16613,477,486,83
783499,2161,2057,2113,-2722,-521,16613,522,489,82
783500,2158,2056,2114,-2722,-521,16613,522,489,82
783501,2155,2054,2113,-3081,-399,14932,577,440,76
783503,2161,2057,2116,-3081,-399,14932,628,368,73
783504,2164,2058,2118,-3553,-236,13853,663,285,79
783506,2165,2056,2116,-3553,-236,13853,681,204,89
783507,2161,2054,2110,-3745,185,13863,681,129,98
783508,2156,2054,2114,-3745,185,13863,675,53,101
783510,2145,2058,2117,-3745,185,13863,675,53,101
783511,2172,2058,2118,-3284,1092,14241,654,-22,97
783512,2180,2059,2120,-3284,1092,14241,612,-88,84
783514,2099,2037,2107,-2536,1994,15384,548,-125,71
783515,2135,2045,2098,-2536,1994,15384,461,-127,55
783517,2167,2061,2120,-1923,2846,17555,358,-81,40
783518,2187,2060,2122,-1923,2846,17555,358,-81,40
783519,2147,2054,2119,-1923,2846,17555,258,12,27
783521,2180,2057,2114,-1242,3729,17647,210,81,28
783522,2209,2056,2119,-1242,3729,17647,210,75,48
783524,2153,2058,2119,-1125,3170,13884,198,11,76
783525,2157,2057,2117,-1125,3170,13884,122,-78,88
783526,2150,2055,2111,-2281,1557,12138,-30,-182,75
783528,2155,2054,2112,-2281,1557,12138,-30,-182,75
783529,2158,2056,2114,-2281,1557,12138,-217,-291,34
783531,2166,2056,2119,-3302,1285,13052,-375,-390,-25
783532,2161,2055,2111,-3302,1285,13052,-456,-468,-79
783534,2198,2057,2110,-3222,1969,14810,-462,-509,-115
783535,2169,2059,2106,-3222,1969,14810,-413,-512,-115
783537,2172,2058,2118,-2583,2158,16263,-345,-484,-89
783538,2123,2055,2115,-2583,2158,16263,-296,-428,-49
783539,2155,2052,2108,-2146,2033,17371,-291,-355,-14
783541,2168,2063,2120,-2146,2033,17371,-328,-275,11
783542,2183,2056,2116,-2146,2033,17371,-328,-275,11
783544,2165,2055,2108,-2023,1986,18154,-383,-198,22
783545,2164,2057,2118,-2023,1986,18154,-426,-137,25
783547,2150,2060,2117,-2127,1899,18495,-444,-93,34
783548,2154,2054,2108,-2127,1899,18495,-424,-53,50
783550,2178,2059,2120,-2346,1586,18450,-357,-22,68
783551,2166,2059,2119,-2346,1586,18450,-262,-2,93
783552,2152,2055,2112,-2493,957,17415,-157,5,124
783554,2157,2055,2115,-2493,957,17415,-157,5,124
783555,2162,2058,2119,-2493,957,17415,-55,-3,144
783556,2165,2058,2117,-2526,474,16048,27,-24,141
783558,2160,2057,2113,-2526,474,16048,86,-49,122
783559,2153,2052,2107,-2532,404,15408,131,-69,100
783561,2161,2056,2114,-2532,404,15408,165,-72,87
783562,2165,2060,2112,-2532,404,15408,165,-72,87
783563,2170,2059,2132,-2265,665,15586,203,-52,83
783565,2153,2039,2112,-2265,665,15586,242,-16,83
783566,2150,2057,2092,-1848,1186,16242,283,30,92
783567,2164,2059,2133,-1848,1186,16242,314,86,106
783569,2167,2060,2111,-1668,1505,16715,326,157,120
783570,2173,2057,2120,-1668,1505,16715,326,157,120
783572,2150,2057,2110,-1668,1505,16715,322,216,130
783573,2175,2057,2114,-1703,1771,16069,316,245,135
783574,2153,2057,2115,-1703,1771,16069,306,229,129
783576,2169,2056,2120,-2009,1921,15376,285,180,106
783577,2154,2057,2119,-2009,1921,15376,248,120,78
783579,2172,2054,2114,-2465,1983,15536,202,64,47
783580,2161,2057,2116,-2465,1983,15536,202,64,47
783581,2167,2059,2121,-2465,1983,15536,161,21,23
783583,2171,2058,2119,-2455,2338,15911,139,-2,7
783584,2150,2054,2108,-2455,2338,15911,130,-13,-12
783586,2142,2054,2115,-2025,2691,15898,124,-17,-33
783587,2170,2054,2124,-2025,2691,15898,114,-13,-50
783588,2170,2055,2105,-1800,2770,15946,93,3,-69
783590,2165,2056,2113,-1800,2770,15946,93,3,-69
783591,2166,2055,2118,-1800,2770,15946,61,27,-85
783592,2139,2056,2117,-1875,2785,16110,20,61,-95
783594,2209,2056,2125,-1875,2785,16110,-12,93,-108
783595,2167,2056,2115,-2071,2675,16085,-42,126,-117
783597,2158,2054,2112,-2071,2675,16085,-72,149,-116
783598,2154,2053,2106,-2464,2315,15780,-98,161,-105
783600,2160,2058,2118,-2464,2315,15780,-98,161,-105
783601,2166,2056,2117,-2464,2315,15780,-118,154,-97
783602,2165,2057,2125,-2895,1957,15583,-139,136,-89
783604,2151,2053,2106,-2895,1957,15583,-147,109,-82
783605,2153,2056,2115,-3193,1647,15642,-142,75,-74
783607,2162,2057,2119,-3193,1647,15642,-125,45,-62
783608,2152,2059,2121,-3206,1363,15823,-100,24,-48
783610,2169,2054,2114,-3206,1363,15823,-63,2,-35
783611,2164,2055,2115,-3206,1363,15823,-63,2,-35
783612,2159,2056,2117,-2936,1364,15862,-20,-13,-29
783614,2162,2058,2118,-2936,1364,15862,20,-21,-31
783615,2164,2057,2115,-2609,1496,15959,56,-21,-36
783617,2167,2055,2110,-2609,1496,15959,77,-18,-42
783618,2158,2056,2116,-2338,1604,15946,83,-10,-47
783619,2156,2056,2112,-2338,1604,15946,77,-4,-50
783621,2148,2057,2116,-2338,1604,15946,77,-4,-50
783622,2155,2054,2117,-2192,1778,15997,59,4,-53
783623,2158,2054,2114,-2192,1778,15997,37,12,-58
783625,2167,2058,2122,-2116,1982,16011,15,21,-58
783626,2166,2055,2119,-2116,1982,16011,-2,28,-62
783628,2173,2057,2115,-2071,1942,15748,-13,28,-64
783629,2148,2057,2112,-2071,1942,15748,-13,28,-64
783630,2148,2054,2118,-2071,1942,15748,-25,26,-65
783632,2149,2054,2112,-2184,1685,15524,-43,23,-66
783633,2167,2059,2118,-2184,1685,15524,-68,19,-68
783634,2170,2058,2118,-2309,1477,15521,-91,10,-71
783636,2157,2053,2108,-2309,1477,15521,-104,2,-77
783637,2157,2056,2115,-2309,1477,15521,-104,2,-77
783639,2162,2057,2116,-2374,1431,15564,-102,-11,-81
783640,2159,2059,2121,-2374,1431,15564,-96,-28,-81
783642,2168,2055,2114,-2421,1352,15682,-82,-39,-79
783643,2160,2053,2110,-2421,1352,15682,-70,-46,-75
783644,2158,2059,2117,-2403,1298,15963,-62,-48,-71
783646,2162,2058,2128,-2403,1298,15963,-52,-46,-70
783647,2166,2060,2122,-2359,1359,16158,-43,-39,-64
783649,2181,2054,2110,-2359,1359,16158,-43,-39,-64
783650,2143,2052,2099,-2359,1359,16158,-36,-27,-59
783651,2171,2059,2123,-2343,1353,16230,-26,-15,-49
783653,2125,2056,2119,-2343,1353,16230,-19,-1,-33
783654,2160,2056,2115,-2385,1483,16059,-2,6,-24
783656,2157,2055,2112,-2385,1483,16059,18,-3,-24
783657,2205,2057,2113,-2480,1537,15754,34,-18,-24
783658,2167,2056,2121,-2480,1537,15754,34,-18,-24
783660,2156,2055,2103,-2480,1537,15754,49,-35,-23
783661,2150,2055,2108,-2639,1411,15597,55,-48,-24
783663,2161,2057,2112,-2639,1411,15597,53,-57,-20
783664,2162,2058,2117,-2693,1380,15828,45,-57,-18
783665,2165,2058,2119,-2693,1380,15828,35,-54,-12
783667,2160,2059,2118,-2503,1513,15900,27,-53,-7
783668,2154,2055,2111,-2503,1513,15900,27,-53,-7
783669,2155,2052,2108,-2503,1513,15900,30,-61,-2
783671,2173,2059,2124,-2367,1613,15816,29,-63,3
783672,2168,2058,2118,-2367,1613,15816,23,-61,10
783674,2161,2057,2114,-2377,1564,15895,17,-58,16
783675,2152,2054,2111,-2377,1564,15895,12,-53,18
783676,2163,2056,2120,-2377,1564,15895,12,-53,18
783678,2160,2058,2117,-2355,1642,15893,11,-53,12
783679,2168,2057,2118,-2355,1642,15893,11,-54,12
783680,2162,2055,2110,-2327,1629,15915,12,-55,17
783682,2162,2055,2118,-2327,1629,15915,11,-54,15
783683,2156,2054,2110,-2315,1622,16057,4,-54,13
783684,2165,2058,2120,-2315,1622,16057,4,-54,13
783686,2169,2058,2119,-2315,1622,16057,-6,-50,12
783687,2158,2052,2105,-2260,1688,16166,-13,-42,14
783689,2153,2055,2117,-2260,1688,16166,-12,-32,14
783690,2167,2059,2119,-2268,1728,16154,-7,-20,17
783691,2164,2061,2120,-2268,1728,16154,1,-10,15
783693,2173,2057,2117,-2268,1728,16154,1,-10,15
783694,2139,2044,2104,-2297,1645,16088,5,-7,11
783695,2167,2059,2118,-2297,1645,16088,8,-7,14
783697,2166,2059,2119,-2390,1605,16155,13,-7,13
783698,2171,2059,2116,-2390,1605,16155,22,-6,14
783699,2165,2056,2124,-2390,1605,16155,22,-6,14
783701,2143,2042,2115,-2435,1666,16051,36,0,18
783702,2164,2058,2109,-2435,1666,16051,54,4,22
783703,2174,2059,2116,-2410,1608,15750,70,12,28
783705,2163,2058,2118,-2410,1608,15750,76,22,32
783706,2163,2056,2115,-2410,1608,15750,76,22,32
783707,2156,2053,2111,-2434,1511,15742,66,27,27
783709,2155,2056,2114,-2434,1511,15742,57,24,24
783710,2201,2057,2119,-2486,1580,15545,53,7,16
783711,2146,2054,2112,-2486,1580,15545,51,-17,10
783713,2168,2055,2115,-2558,1652,15485,49,-37,10
783714,2161,2054,2112,-2558,1652,15485,49,-37,10
783715,2164,2059,2118,-2558,1652,15485,42,-53,12
783717,2154,2056,2115,-2488,1754,15871,30,-57,12
783718,2168,2060,2120,-2488,1754,15871,19,-56,7
783719,2170,2056,2113,-2196,2016,16081,10,-54,-2
783721,2156,2054,2112,-2196,2016,16081,4,-49,-6
783722,2146,2058,2118,-2196,2016,16081,4,-49,-6
783723,2154,2057,2117,-2023,2092,16141,-8,-38,-8
783725,2180,2058,2123,-2023,2092,16141,-24,-21,-11
783726,2155,2054,2117,-2056,2036,16225,-34,-10,-10
783728,2161,2056,2111,-2056,2036,16225,-42,3,-15
783729,2169,2056,2117,-2209,2061,16058,-40,17,-23
783730,2159,2059,2121,-2209,2061,16058,-40,17,-23
783732,2154,2050,2107,-2209,2061,16058,-29,20,-31
783733,2156,2055,2112,-2424,1961,15592,-12,12,-34
783735,2159,2057,2115,-2424,1961,15592,0,-7,-34
783736,2171,2059,2121,-2726,1621,15428,-2,-27,-30
783737,2157,2057,2115,-2726,1621,15428,-16,-48,-29
783739,2164,2057,2112,-2703,1609,15733,-32,-64,-35
783740,2164,2057,2115,-2703,1609,15733,-32,-64,-35
783742,2154,2056,2116,-2703,1609,15733,-44,-72,-35
783743,2161,2056,2119,-2496,1771,16166,-45,-69,-34
783744,2163,2057,2115,-2496,1771,16166,-39,-54,-27
783746,2163,2055,2112,-2308,1733,16350,-28,-35,-14
783747,2179,2052,2109,-2308,1733,16350,-19,-17,2
783749,2169,2060,2117,-2211,1623,16317,-15,-3,10
783750,2162,2058,2118,-2211,1623,16317,-15,-3,10
783751,2161,2050,2107,-2211,1623,16317,-16,9,9
783753,2178,2057,2119,-2219,1572,16314,-18,14,2
783754,2157,2060,2123,-2219,1572,16314,-14,20,-6
783755,2136,2052,2109,-2248,1572,16275,0,28,-13
783757,2181,2057,2118,-2248,1572,16275,24,33,-18
783758,2171,2056,2112,-2248,1572,16275,24,33,-18
783759,2159,2058,2116,-2258,1541,16089,47,38,-14
783761,2156,2057,2116,-2258,1541,16089,64,41,-12
783762,2162,2059,2120,-2331,1511,15698,79,37,-13
783764,2169,2057,2116,-2331,1511,15698,89,25,-18
783765,2154,2050,2107,-2459,1535,15259,92,6,-21
783766,2146,2055,2115,-2459,1535,15259,92,6,-21
783768,2165,2059,2120,-2459,1535,15259,80,-13,-21
783769,2178,2059,2119,-2454,1521,15337,51,-26,-22
783770,2155,2055,2110,-2454,1521,15337,22,-37,-26
783772,2157,2057,2114,-2312,1727,15752,-1,-39,-26
783773,2148,2054,2111,-2312,1727,15752,-13,-37,-27
783775,2182,2057,2122,-2143,1971,16010,-14,-30,-34
783776,2151,2062,2116,-2143,1971,16010,-14,-30,-34
783777,2173,2050,2110,-2143,1971,16010,-15,-23,-36
783779,2169,2056,2119,-2131,1966,16104,-24,-16,-37
783780,2157,2059,2120,-2131,1966,16104,-42,-7,-42
783782,2172,2056,2121,-2192,1926,16113,-60,1,-45
783783,2150,2052,2102,-2192,1926,16113,-73,-1,-50
783784,2154,2055,2113,-2254,1930,15919,-70,-10,-58
783786,2167,2055,2115,-2254,1930,15919,-70,-10,-58
783787,2173,2054,2117,-2254,1930,15919,-70,-21,-63
783789,2152,2056,2116,-2368,1775,15821,-68,-28,-62
783790,2152,2054,2115,-2368,1775,15821,-69,-34,-57
783791,2157,2054,2113,-2504,1584,15818,-71,-37,-51
783793,2166,2052,2116,-2504,1584,15818,-76,-40,-49
783794,2125,2059,2119,-2511,1479,15855,-82,-39,-47
783796,2140,2059,2110,-2511,1479,15855,-82,-39,-47
783797,2169,2052,2109,-2511,1479,15855,-86,-37,-42
783799,2141,2056,2118,-2506,1409,15950,-85,-34,-37
783800,2131,2055,2114,-2506,1409,15950,-73,-34,-27
783801,2165,2058,2116,-2505,1349,15912,-52,-39,-15
783803,2166,2056,2116,-2505,1349,15912,-32,-38,-3
783804,2177,2054,2112,-2457,1219,15818,-21,-43,7
783806,2100,2058,2121,-2457,1219,15818,-19,-48,4
783807,2171,2058,2113,-2457,1219,15818,-19,-48,4
783808,2160,2055,2121,-2392,1261,16017,-20,-47,-2
783810,2144,2055,2110,-2392,1261,16017,-20,-42,-7
783811,2179,2051,2098,-2266,1497,16204,-14,-39,-6
783813,2157,2057,2120,-2266,1497,16204,-3,-26,-7
783814,2153,2052,2114,-2102,1671,16282,0,-11,-5
783815,2187,2057,2118,-2102,1671,16282,0,-11,-5
783817,2164,2053,2115,-2102,1671,16282,-1,1,-2
783818,2125,2056,2114,-2076,1698,16213,-6,14,-1
783819,2133,2057,2119,-2076,1698,16213,-19,26,-5
783821,2209,2059,2121,-2128,1735,16030,-32,30,-16
783822,2162,2053,2115,-2128,1735,16030,-39,24,-23
783823,2132,2053,2108,-2128,1735,16030,-39,24,-23
783825,2137,2056,2118,-2219,1651,15756,-42,14,-27
783826,2202,2058,2121,-2219,1651,15756,-42,-4,-24
783828,2148,2056,2119,-2374,1577,15625,-50,-20,-29
783829,2165,2057,2114,-2374,1577,15625,-44,-34,-35
783830,2145,2053,2109,-2434,1567,15476,-35,-48,-36
783832,2159,2052,2110,-2434,1567,15476,-32,-62,-35
783833,2214,2065,2118,-2434,1567,15476,-32,-62,-35
783835,2161,2058,2123,-2450,1347,15540,-35,-73,-27
783836,2191,2055,2110,-2450,1347,15540,-44,-78,-22
783837,2134,2058,2123,-2464,1322,15870,-51,-84,-18
783839,2131,2052,2115,-2464,1322,15870,-51,-72,-17
783840,2172,2058,2122,-2370,1525,16157,-40,-56,-16
783842,2162,2057,2122,-2370,1525,16157,-23,-44,-16
783843,2136,2052,2093,-2359,1604,16108,-10,-44,-9
783845,2190,2058,2134,-2359,1604,16108,-10,-44,-9
783846,2148,2054,2106,-2359,1604,16108,-9,-47,2
783847,2095,2059,2116,-2413,1542,16130,-22,-44,9
783849,2167,2052,2117,-2413,1542,16130,-39,-45,7
783850,2142,2059,2117,-2330,1691,16109,-55,-56,-3
783851,2156,2052,2111,-2330,1691,16109,-57,-73,-18
783853,2171,2056,2129,-2330,1691,16109,-57,-73,-18
783854,2167,2057,2114,-2285,1752,15802,-44,-91,-24
783856,2134,2055,2115,-2285,1752,15802,-30,-105,-16
783857,2156,2056,2120,-2215,1419,15837,-40,-104,-6
783859,2142,2055,2113,-2215,1419,15837,-71,-92,-8
783860,2172,2057,2118,-2098,1413,16246,-98,-74,-24
783861,2169,2055,2111,-2098,1413,16246,-109,-53,-31
783863,2170,2054,2108,-1976,1656,16444,-103,-25,-35
783864,2163,2054,2115,-1976,1656,16444,-103,-25,-35
783866,2226,2058,2123,-1976,1656,16444,-87,4,-32
783867,2144,2050,2113,-1985,1666,16517,-76,26,-29
783868,2177,2054,2114,-1985,1666,16517,-64,47,-26
783870,2159,2058,2122,-2140,1605,16318,-51,55,-20
783871,2162,2056,2114,-2140,1605,16318,-35,43,-16
783873,2161,2058,2118,-2417,1392,15915,-18,27,-7
783874,2163,2057,2117,-2417,1392,15915,-18,27,-7
783875,2163,2055,2114,-2417,1392,15915,-12,7,2
783877,2169,2058,2117,-2539,1096,15788,-17,-7,8
783878,2155,2059,2102,-2539,1096,15788,-22,-16,7
783879,2141,2055,2120,-2431,1046,15665,-20,-25,4
783881,2171,2055,2121,-2431,1046,15665,-17,-33,-1
783882,2146,2056,2129,-2431,1046,15665,-17,-33,-1
783883,2169,2060,2099,-2342,1094,15773,-15,-35,1
783885,2152,2054,2097,-2342,1094,15773,-7,-37,-1
783886,2174,2052,2117,-2268,1319,15896,17,-35,-4
783888,2157,2055,2135,-2268,1319,15896,39,-27,4
783889,2145,2056,2106,-2116,1365,15890,47,-17,16
783890,2176,2055,2110,-2116,1365,15890,47,-17,16
783892,2151,2055,2098,-2116,1365,15890,31,-6,19
783893,2161,2057,2097,-2056,1385,16099,-2,3,13
783894,2147,2057,2124,-2056,1385,16099,-37,8,3
783896,2174,2061,2173,-1910,1588,16255,-64,10,-11
783897,2202,2060,2068,-1910,1588,16255,-64,10,-11
783898,2194,2061,2138,-1910,1588,16255,-68,9,-13
783900,2099,2039,2123,-1949,1569,16151,-65,9,-11
783901,2171,2058,2097,-1949,1569,16151,-63,11,-5
783903,2145,2060,2052,-2095,1346,15993,-62,10,2
783904,2185,2066,2177,-2095,1346,15993,-54,14,1
783905,2172,2038,2193,-2095,1346,15993,-54,14,1
783907,2170,2057,2080,-2192,1209,15868,-32,16,-1
783908,2161,2058,2115,-2192,1209,15868,-1,19,-3
783909,2194,2059,2203,-2268,1033,15618,35,14,-7
783911,2185,2070,2085,-2268,1033,15618,62,6,-9
783912,2123,2056,2066,-2471,1031,15743,91,-4,-14
783913,2171,2039,2155,-2471,1031,15743,91,-4,-14
783915,2158,2056,2112,-2471,1031,15743,115,-9,-18
783916,2146,2054,2054,-2563,1251,16034,133,-8,-15
783917,2190,2057,2168,-2563,1251,16034,149,-8,-13
783919,2140,2041,2153,-2502,1550,15966,157,-16,-9
783920,2145,2042,2099,-2502,1550,15966,148,-29,0
783922,2166,2056,2092,-2474,1652,15930,118,-45,10
783923,2116,2056,2041,-2474,1652,15930,118,-45,10
783924,2205,2065,2245,-2474,1652,15930,69,-55,10
783926,2196,2045,2071,-2357,1701,16105,16,-67,11
783927,2177,2062,2098,-2357,1701,16105,-34,-70,14
783928,2180,2075,2214,-2092,1599,15963,-69,-67,16
783930,2149,2056,2033,-2092,1599,15963,-92,-62,20
783931,2195,2052,2186,-2092,1599,15963,-92,-62,20
783933,2084,2059,1986,-2036,1468,15640,-102,-59,26
783934,2159,2065,2218,-2036,1468,15640,-98,-58,24
783935,2124,2064,1998,-2165,1326,15557,-91,-54,17
783937,2174,2077,2084,-2165,1326,15557,-85,-51,14
783938,2214,2070,2327,-2232,1300,15795,-77,-53,8
783940,2159,2042,2108,-2232,1300,15795,-69,-55,7
783941,2118,2059,2052,-2232,1300,15795,-69,-55,7
783942,2157,2061,2094,-2284,1316,15892,-67,-56,8
783944,2178,2067,2157,-2284,1316,15892,-75,-61,10
783945,2116,2041,2113,-2298,1239,15931,-93,-68,13
783946,2062,2036,2022,-2298,1239,15931,-106,-74,11
783948,2173,2028,2166,-2226,1461,16243,-108,-88,1
783949,2188,2059,2042,-2226,1461,16243,-108,-88,1
783951,2129,2053,2132,-2226,1461,16243,-90,-99,-13
783952,2155,2058,2077,-2027,1788,16465,-65,-97,-28
783954,2171,2081,2101,-2027,1788,16465,-36,-88,-41
783955,2268,2036,2364,-1892,1781,16382,-14,-76,-46
783956,2161,2065,2066,-1892,1781,16382,1,-65,-46
783958,2066,2043,1866,-2146,1557,15929,9,-57,-38
783959,2209,1999,2281,-2146,1557,15929,9,-57,-38
783960,2188,2056,2085,-2146,1557,15929,-2,-55,-27
783962,2146,2065,2108,-2417,1184,15618,-24,-50,-14
783963,2150,2054,1974,-2417,1184,15618,-47,-52,-3
783965,2144,2033,2186,-2410,1122,15871,-64,-47,0
783966,2221,2065,2164,-2410,1122,15871,-68,-41,4
783967,2107,2054,2074,-2171,1242,16116,-55,-38,11
783969,2086,2031,1905,-2171,1242,16116,-55,-38,11
783970,2312,2072,2409,-2171,1242,16116,-40,-34,11
783972,2130,2059,2045,-2037,1215,16341,-26,-28,14
783973,2138,2053,2052,-2037,1215,16341,-14,-16,14
783974,2099,2053,1983,-2029,1209,16375,-4,-12,9
783976,2218,2029,2090,-2029,1209,16375,0,-9,5
783977,2168,2042,2159,-2029,1209,16375,0,-9,5
783978,2110,2041,2037,-2073,1097,16277,-5,-9,2
783980,2208,2065,2123,-2073,1097,16277,-16,-6,-1
783981,2061,2024,1966,-2015,1216,16312,-22,-4,-8
783982,2171,2014,2184,-2015,1216,16312,-17,0,-16
783984,2127,2056,2073,-1907,1390,16068,-10,2,-19
783985,2136,2052,2035,-1907,1390,16068,-10,2,-19
783986,2154,2043,2105,-1907,1390,16068,-12,5,-16
783988,2209,2063,2132,-1823,1313,15897,-31,13,-13
783989,2128,2036,2099,-1823,1313,15897,-58,20,-14
783991,2195,2051,2005,-1780,1346,15973,-86,30,-27
783992,2189,2052,2234,-1780,1346,15973,-105,40,-35
783993,2161,2065,2091,-1780,1346,15973,-105,40,-35
783995,2150,2055,2152,-1835,1356,15937,-115,47,-36
783996,2107,2058,2032,-1835,1356,15937,-120,53,-35
783998,2254,2098,2302,-2022,1232,15957,-112,58,-29
783999,2176,2063,2151,-2022,1232,15957,-104,66,-23
784000,2184,2062,2153,-2196,1010,16096,-98,71,-17
784002,2170,2050,2076,-2196,1010,16096,-96,79,-15
784003,2149,2042,2042,-2264,988,16265,-86,79,-13
784005,2138,2043,2182,-2264,988,16265,-86,79,-13
784006,2113,2031,1943,-2264,988,16265,-61,70,-17
784007,2134,2042,2181,-2339,1112,16173,-29,56,-20
784009,2152,2061,2087,-2339,1112,16173,-1,50,-16
784010,2097,2052,2068,-2416,1072,16046,21,41,-8
784011,2157,2053,2082,-2416,1072,16046,38,31,-7
784013,2160,2061,2136,-2416,1072,16046,38,31,-7
784014,2137,2042,2026,-2400,1107,15736,47,20,-15
784015,2174,2053,2133,-2400,1107,15736,44,3,-20
784017,2216,2073,2182,-2263,1111,15526,30,-6,-21
784018,2076,2060,2095,-2263,1111,15526,6,-3,-23
784020,2158,2059,2008,-2263,1111,15526,6,-3,-23
784021,2217,2041,2238,-2102,1267,15811,-18,6,-24
784022,2150,2053,2080,-2102,1267,15811,-37,21,-28
784024,2152,2064,2093,-1992,1543,16140,-44,41,-31
784025,2153,2058,2083,-1992,1543,16140,-47,56,-34
784026,2212,2054,2249,-2067,1531,16105,-55,63,-34
784028,2188,2064,2104,-2067,1531,16105,-66,72,-27
784029,2187,2059,2096,-2067,1531,16105,-66,72,-27
784031,2027,2043,2025,-2276,1242,16021,-78,71,-23
784032,2138,2026,1980,-2276,1242,16021,-89,66,-20
784033,2165,2059,2326,-2476,1113,16053,-93,54,-14
784035,2151,2061,2065,-2476,1113,16053,-84,37,-13
784036,2145,2040,2042,-2576,1160,15942,-54,15,-15
784038,2170,2059,2037,-2576,1160,15942,-24,-5,-16
784039,2179,2044,2168,-2576,1160,15942,-24,-5,-16
784040,2118,2070,2144,-2567,997,15676,-4,-22,-14
784042,2188,2057,2097,-2567,997,15676,4,-31,-12
784043,2147,2056,2091,-2416,893,15753,-3,-30,-16
784044,2184,2068,2226,-2416,893,15753,-19,-21,-25
784046,2176,2054,2112,-2103,1134,16033,-35,-10,-31
784047,2158,2030,2090,-2103,1134,16033,-35,-10,-31
784049,2187,2061,2163,-2103,1134,16033,-47,6,-30
784050,2168,2056,2036,-1938,1391,16151,-55,16,-29
784051,2158,2035,2166,-1938,1391,16151,-58,21,-25
784053,2157,2052,2087,-2039,1394,16041,-65,21,-24
784054,2245,2055,2109,-2039,1394,16041,-79,16,-30
784056,2091,2023,2144,-2118,1105,15986,-98,8,-30
784057,2158,2060,2080,-2118,1105,15986,-98,8,-30
784058,2198,2052,2059,-2118,1105,15986,-120,7,-31
784060,2264,2031,2250,-2170,917,16114,-129,5,-34
784061,2160,2062,2121,-2170,917,16114,-125,7,-38
784062,2132,2069,2121,-2168,930,16144,-102,9,-38
784064,2173,2054,2080,-2168,930,16144,-66,13,-39
784065,2164,2061,2119,-2168,930,16144,-66,13,-39
784066,2165,2056,2109,-2276,887,15968,-33,21,-38
784068,2168,2066,2143,-2276,887,15968,-9,24,-33
784069,2192,2068,2143,-2313,780,16003,2,25,-29
784071,2136,2043,2068,-2313,780,16003,7,26,-29
784072,2140,2036,2084,-2313,780,16003,7,26,-29
784073,2146,2032,2132,-2343,924,16074,14,20,-26
784074,2150,2059,2094,-2343,924,16074,19,13,-21
784076,2145,2055,2101,-2393,1077,16012,22,2,-20
784077,2171,2061,2119,-2393,1077,16012,28,-14,-14
784079,2152,2052,2115,-2379,1090,15862,36,-28,-13
784080,2126,2057,2115,-2379,1090,15862,36,-28,-13
784081,2203,2057,2121,-2379,1090,15862,38,-37,-19
784083,2164,2053,2110,-2285,1010,15823,26,-41,-22
784084,2113,2060,2121,-2285,1010,15823,9,-38,-26
784085,2189,2065,2136,-2197,1011,15972,-9,-30,-32
784087,2132,2053,2081,-2197,1011,15972,-18,-24,-35
784088,2178,2045,2088,-2129,1122,16108,-23,-14,-36
784090,2167,2059,2132,-2129,1122,16108,-23,-14,-36
784091,2171,2060,2106,-2129,1122,16108,-24,-1,-30
784093,2124,2044,2019,-2169,1080,16117,-23,11,-27
784094,2256,2024,2174,-2169,1080,16117,-27,19,-22
784095,2153,2056,2103,-2201,1047,16122,-31,22,-19
784097,2129,2058,2108,-2201,1047,16122,-35,18,-26
784098,2193,2059,2117,-2296,950,16110,-37,14,-26
784099,2150,2059,2116,-2296,950,16110,-37,14,-26
784101,2153,2052,2113,-2296,950,16110,-33,9,-23
784102,2159,2056,2118,-2375,885,16094,-27,6,-22
784104,2133,2054,2119,-2375,885,16094,-22,4,-21
784105,2149,2058,2121,-2318,856,15965,-14,2,-17
784106,2178,2056,2124,-2318,856,15965,-4,-3,-18
784108,2167,2058,2114,-2318,856,15965,-4,-3,-18
784109,2142,2056,2115,-2309,878,15894,13,-7,-16
784110,2177,2060,2121,-2309,878,15894,28,-12,-16
784112,2161,2058,2117,-2351,913,15811,37,-18,-14
784113,2157,2055,2112,-2351,913,15811,44,-27,-17
784114,2159,2054,2112,-2351,913,15811,44,-27,-17
784116,2153,2057,2114,-2401,980,15646,53,-38,-19
784117,2157,2058,2122,-2401,980,15646,56,-52,-21
784118,2165,2055,2115,-2427,1001,15555,55,-68,-22
784120,2173,2055,2113,-2427,1001,15555,45,-82,-22
784121,2154,2056,2115,-2371,993,15645,27,-90,-22
784123,2160,2057,2119,-2371,993,15645,3,-95,-26
784124,2154,2057,2113,-2371,993,15645,3,-95,-26
784125,2138,2055,2115,-2199,1004,15837,-18,-95,-26
784127,2148,2054,2113,-2199,1004,15837,-35,-93,-22
784128,2191,2055,2122,-2056,963,16138,-48,-86,-21
784129,2220,2059,2123,-2056,963,16138,-49,-75,-16
784131,2126,2063,2113,-1977,912,16350,-39,-61,-10
784132,2169,2051,2115,-1977,912,16350,-39,-61,-10
784134,2197,2059,2127,-1977,912,16350,-24,-47,-2
784135,2098,2057,2100,-1947,774,16468,-9,-26,-1
784136,2194,2060,2112,-1947,774,16468,2,-6,2
784138,2183,2054,2123,-1932,628,16658,15,12,7
784139,2139,2061,2118,-1932,628,16658,31,31,9
784140,2199,2055,2113,-1932,628,16658,31,31,9
784141,2149,2059,2120,-1972,837,17037,59,52,5
784143,2163,2056,2119,-1972,837,17037,112,75,4
784144,2170,2057,2116,-2048,1092,16614,190,90,14
784145,2153,2052,2111,-2048,1092,16614,261,90,25
784147,2164,2056,2115,-2048,1092,16614,261,90,25
784148,2157,2058,2117,-2291,898,15724,298,76,24
784149,2147,2056,2119,-2291,898,15724,310,50,16
784151,2198,2054,2110,-2628,883,15500,307,20,-3
784152,2152,2052,2114,-2628,883,15500,294,-6,-21
784154,2172,2056,2116,-2628,883,15500,294,-6,-21
784155,2149,2059,2120,-2559,1112,15530,280,-22,-33
784156,2171,2051,2109,-2559,1112,15530,255,-25,-30
784158,2167,2053,2112,-2265,1314,15724,224,-21,-19
784159,2211,2056,2115,-2265,1314,15724,188,-6,-9
784161,2161,2063,2125,-2008,1518,15978,149,15,-5
784162,2149,2061,2110,-2008,1518,15978,115,27,0
784163,2172,2051,2113,-2008,1518,15978,115,27,0
784165,2163,2054,2123,-1968,1560,16053,83,41,4
784166,2151,2056,2111,-1968,1560,16053,53,57,7
784167,2160,2058,2121,-2055,1260,16189,26,69,13
784168,2140,2055,2107,-2055,1260,16189,0,80,24
784170,2193,2060,2122,-2055,1260,16189,0,80,24
784171,2117,2054,2110,-2119,1023,16796,-20,98,30
784172,2142,2057,2111,-2119,1023,16796,-18,116,27
784174,2099,2055,2106,-2152,1369,17241,24,131,24
784175,2213,2057,2121,-2152,1369,17241,112,147,30
784177,2170,2057,2116,-2279,1490,16514,215,159,45
784178,2170,2050,2117,-2279,1490,16514,215,159,45
784179,2157,2057,2114,-2279,1490,16514,289,162,54
784181,2162,2060,2120,-2588,991,15519,321,158,55
784182,2157,2054,2115,-2588,991,15519,322,138,43
784184,2159,2052,2110,-2903,789,14853,309,102,25
784185,2147,2054,2107,-2903,789,14853,298,54,12
784186,2174,2056,2118,-2975,888,14632,283,11,2
784188,2150,2054,2110,-2975,888,14632,283,11,2
784189,2162,2059,2118,-2975,888,14632,266,-24,-1
784190,2161,2056,2115,-2705,1176,15083,252,-42,3
784192,2163,2056,2121,-2705,1176,15083,243,-42,3
784193,2171,2058,2116,-2218,1641,15696,237,-32,3
784194,2119,2052,2107,-2218,1641,15696,237,-32,3
784196,2141,2059,2121,-2218,1641,15696,228,-15,0
784197,2182,2053,2108,-1911,1951,16203,217,9,-2
784198,2164,2062,2121,-1911,1951,16203,202,31,-6
784200,2171,2057,2121,-1959,2228,16655,185,52,-14
784201,2187,2056,2119,-1959,2228,16655,178,54,-24
784203,2157,2062,2125,-1959,2228,16655,178,54,-24
784204,2158,2051,2118,-2248,2443,16460,191,45,-27
784205,2157,2052,2117,-2248,2443,16460,206,35,-22
784207,2186,2060,2122,-2628,2192,15767,206,18,-15
784208,2156,2059,2113,-2628,2192,15767,175,-5,-14
784209,2162,2057,2115,-2941,1885,15289,116,-29,-26
784211,2153,2057,2114,-2941,1885,15289,52,-60,-44
784212,2160,2056,2116,-2941,1885,15289,52,-60,-44
784214,2172,2056,2116,-3009,1976,15126,0,-89,-57
784215,2163,2056,2117,-3009,1976,15126,-34,-111,-58
784216,2172,2056,2119,-2783,1970,15289,-69,-120,-40
784218,2143,2045,2102,-2783,1970,15289,-105,-113,-18
784219,2197,2058,2124,-2317,1946,15882,-138,-95,0
784221,2168,2069,2139,-2317,1946,15882,-169,-72,3
784222,2175,2053,2110,-1959,2109,16480,-181,-46,-6
784224,2213,2054,2110,-1959,2109,16480,-181,-46,-6
784225,2163,2061,2124,-1959,2109,16480,-176,-17,-18
784226,2152,2060,2123,-2047,2065,16503,-160,-5,-28
784228,2180,2059,2120,-2047,2065,16503,-139,3,-36
784229,2154,2054,2112,-2454,1699,16136,-121,7,-38
784231,2155,2056,2115,-2454,1699,16136,-105,-9,-36
784232,2148,2057,2115,-2751,1272,15505,-95,-36,-29
784234,2162,2057,2118,-2751,1272,15505,-95,-36,-29
784235,2176,2056,2115,-2751,1272,15505,-97,-69,-24
784236,2156,2054,2113,-2778,985,15393,-110,-95,-21
784238,2164,2059,2120,-2778,985,15393,-119,-113,-26
784239,2185,2058,2120,-2480,1114,15884,-115,-118,-34
784241,2148,2057,2119,-2480,1114,15884,-93,-109,-37
784242,2165,2050,2109,-2083,1435,16363,-55,-87,-38
784244,2170,2056,2115,-2083,1435,16363,-6,-64,-33
784245,2153,2059,2121,-1969,1665,16583,37,-36,-27
784246,2180,2058,2118,-1969,1665,16583,37,-36,-27
784248,2192,2057,2112,-1969,1665,16583,71,-15,-26
784249,2132,2054,2114,-2151,1714,16216,90,-7,-23
784251,2170,2059,2120,-2151,1714,16216,86,-11,-21
784252,2155,2059,2116,-2347,1523,15653,69,-34,-23
784253,2176,2057,2114,-2347,1523,15653,40,-63,-25
784255,2156,2056,2115,-2347,1523,15653,40,-63,-25
784256,2164,2055,2113,-2413,1408,15602,9,-90,-31
784257,2158,2057,2123,-2413,1408,15602,-18,-107,-34
784259,2148,2055,2110,-2261,1544,15951,-39,-110,-38
784260,2151,2055,2114,-2261,1544,15951,-48,-106,-42
784262,2211,2055,2117,-2036,1662,16260,-55,-85,-40
784263,2194,2056,2119,-2036,1662,16260,-65,-55,-41
784265,2160,2055,2121,-1885,1714,16289,-71,-26,-42
784266,2177,2057,2117,-1885,1714,16289,-71,-26,-42
784268,2163,2050,2106,-1885,1714,16289,-79,-7,-44
784269,2143,2055,2113,-1948,1606,16099,-89,5,-43
784270,2151,2060,2122,-1948,1606,16099,-105,10,-44
784272,2186,2059,2119,-2166,1451,16043,-114,11,-44
784273,2160,2055,2116,-2166,1451,16043,-118,8,-42
784275,2161,2055,2113,-2306,1381,15998,-117,2,-43
784276,2154,2056,2113,-2306,1381,15998,-117,2,-43
784277,2162,2056,2115,-2306,1381,15998,-110,-10,-45
784279,2166,2058,2114,-2341,1297,15874,-96,-21,-44
784280,2148,2054,2107,-2341,1297,15874,-88,-31,-44
784282,2161,2056,2116,-2317,1234,15947,-85,-34,-45
784283,2159,2054,2112,-2317,1234,15947,-84,-35,-48
784284,2168,2059,2121,-2215,1303,16073,-72,-26,-48
784286,2171,2057,2115,-2215,1303,16073,-54,-16,-47
784287,2139,2052,2109,-2215,1303,16073,-54,-16,-47
784289,2159,2056,2118,-2127,1371,16105,-38,-3,-39
784290,2205,2058,2121,-2127,1371,16105,-27,6,-34
784291,2165,2057,2102,-2159,1318,16017,-18,14,-31
784293,2170,2056,2120,-2159,1318,16017,-16,13,-32
784294,2149,2053,2105,-2262,1321,15976,-16,9,-38
784296,2152,2055,2119,-2262,1321,15976,-16,9,-38
784297,2171,2056,2119,-2262,1321,15976,-14,3,-41
784298,2161,2058,2119,-2324,1355,16028,-10,2,-45
784300,2164,2054,2114,-2324,1355,16028,-4,4,-43
784301,2148,2055,2112,-2293,1427,16028,-1,8,-42
784302,2190,2052,2110,-2293,1427,16028,-1,15,-43
784304,2171,2055,2116,-2293,1427,16028,-1,15,-43
784305,2156,2059,2125,-2306,1526,15925,-3,20,-47
784306,2183,2055,2112,-2306,1526,15925,-1,25,-47
784308,2147,2054,2111,-2388,1454,15716,-4,25,-42
784309,2156,2057,2117,-2388,1454,15716,-15,18,-37
784311,2158,2059,2116,-2480,1307,15671,-30,9,-28
784312,2168,2059,2116,-2480,1307,15671,-30,9,-28
784313,2151,2050,2110,-2480,1307,15671,-48,-1,-24
784315,2183,2056,2119,-2496,1259,15806,-65,-4,-27
784316,2138,2052,2108,-2496,1259,15806,-73,-11,-28
784318,2174,2061,2125,-2413,1327,15927,-71,-19,-27
784319,2155,2058,2121,-2413,1327,15927,-69,-21,-26
784320,2165,2053,2112,-2299,1374,16101,-66,-21,-26
784322,2130,2057,2117,-2299,1374,16101,-59,-18,-25
784323,2167,2058,2120,-2299,1374,16101,-59,-18,-25
784325,2161,2056,2115,-2233,1401,16118,-48,-19,-22
784326,2166,2058,2114,-2233,1401,16118,-36,-17,-19
784327,2172,2055,2115,-2246,1358,15907,-23,-19,-18
784329,2140,2058,2120,-2246,1358,15907,-14,-25,-21
784330,2163,2056,2116,-2407,1261,15761,-7,-32,-24
784332,2158,2052,2111,-2407,1261,15761,-1,-31,-24
784333,2157,2052,2110,-2407,1261,15761,-1,-31,-24
784335,2161,2056,2119,-2505,1158,15602,4,-36,-25
784336,2164,2058,2117,-2505,1158,15602,1,-47,-20
784337,2220,2058,2118,-2526,1070,15584,-8,-57,-18
784339,2167,2057,2110,-2526,1070,15584,-24,-65,-17
784340,2127,2044,2112,-2371,1168,15886,-40,-71,-17
784341,2191,2056,2125,-2371,1168,15886,-51,-71,-17
784343,2131,2058,2114,-2371,1168,15886,-51,-71,-17
784344,2171,2057,2119,-2119,1330,16202,-59,-68,-19
784346,2143,2054,2110,-2119,1330,16202,-62,-61,-18
784347,2172,2057,2119,-2023,1391,16317,-63,-55,-16
784349,2148,2057,2119,-2023,1391,16317,-63,-49,-15
784350,2167,2058,2119,-2012,1323,16091,-63,-45,-17
784351,2157,2054,2113,-2012,1323,16091,-65,-49,-13
784353,2156,2054,2111,-2059,1114,15952,-76,-47,-13
784354,2164,2058,2120,-2059,1114,15952,-76,-47,-13
784356,2168,2058,2121,-2059,1114,15952,-86,-46,-11
784357,2159,2055,2110,-2134,1086,16013,-84,-43,-14
784359,2172,2055,2111,-2134,1086,16013,-66,-43,-15
784360,2163,2057,2114,-2205,1202,15979,-34,-39,-15
784361,2155,2059,2117,-2205,1202,15979,-5,-32,-11
784363,2167,2058,2121,-2259,1107,16014,10,-27,-11
784364,2151,2052,2110,-2259,1107,16014,10,-27,-11
784366,2164,2054,2110,-2259,1107,16014,14,-22,-11
784367,2161,2052,2110,-2334,1084,16011,12,-27,-15
784368,2183,2058,2125,-2334,1084,16011,2,-32,-10
784370,2159,2056,2115,-2348,1068,16045,-7,-30,-1
784371,2168,2055,2113,-2348,1068,16045,-18,-31,6
784372,2159,2056,2116,-2348,1068,16045,-18,-31,6
784374,2169,2059,2118,-2243,1198,16187,-22,-27,8
784375,2159,2057,2117,-2243,1198,16187,-16,-25,9
784377,2163,2054,2111,-2089,1302,16131,-6,-20,8
784378,2145,2055,2110,-2089,1302,16131,1,-18,5
784379,2142,2057,2118,-2048,1210,16134,5,-12,2
784380,2168,2058,2119,-2048,1210,16134,5,-12,2
784382,2172,2057,2117,-2048,1210,16134,6,-3,-4
784383,2159,2056,2115,-2049,1202,16110,6,6,-10
784384,2194,2055,2111,-2049,1202,16110,11,13,-7
784386,2130,2058,2120,-2097,1162,16016,18,20,-1
784387,2165,2059,2119,-2097,1162,16016,18,20,-1
784388,2152,2054,2117,-2097,1162,16016,27,25,-1
784390,2170,2057,2114,-2246,1227,16054,36,27,-2
784391,2170,2053,2110,-2246,1227,16054,51,26,-3
784392,2160,2057,2119,-2395,1282,16026,70,18,3
784394,2118,2058,2116,-2395,1282,16026,90,10,4
784395,2162,2058,2116,-2395,1282,16026,90,10,4
784396,2166,2059,2117,-2409,1325,15878,103,-1,2
784398,2176,2054,2113,-2409,1325,15878,102,-17,-2
784399,2203,2057,2117,-2388,1203,15777,88,-35,-3
784400,2157,2056,2119,-2388,1203,15777,69,-53,-3
784402,2168,2060,2125,-2388,1203,15777,69,-53,-3
784403,2159,2053,2105,-2313,1196,15697,47,-68,-1
784405,2160,2052,2113,-2313,1196,15697,22,-73,-3
784406,2182,2059,2124,-2123,1278,15840,-3,-66,-8
784407,2158,2055,2107,-2123,1278,15840,-23,-56,-7
784409,2156,2063,2130,-1870,1399,16113,-39,-39,-11
784410,2177,2045,2104,-1870,1399,16113,-46,-18,-15
784412,2174,2059,2118,-1870,1399,16113,-46,-18,-15
784413,2166,2059,2119,-1775,1501,16367,-49,3,-16
784414,2170,2056,2119,-1775,1501,16367,-47,21,-19
784416,2165,2056,2115,-1900,1514,16323,-35,32,-21
784417,2141,2054,2110,-1900,1514,16323,-23,32,-19
784418,2199,2059,2120,-2247,1381,16004,-13,21,-20
784420,2165,2059,2119,-2247,1381,16004,-3,13,-20
784421,2165,2056,2103,-2247,1381,16004,-3,13,-20
784423,2174,2059,2118,-2556,1173,15755,0,2,-19
784424,2151,2061,2131,-2556,1173,15755,-13,-13,-19
784425,2145,2066,2123,-2572,987,15724,-33,-24,-22
784427,2132,2057,2113,-2572,987,15724,-50,-35,-26
784428,2125,2042,2115,-2405,1048,15929,-66,-30,-25
784430,2180,2053,2118,-2405,1048,15929,-66,-30,-25
784431,2178,2058,2124,-2405,1048,15929,-85,-13,-20
784432,2187,2060,2133,-2077,997,16263,-115,15,-12
784434,2140,2061,2114,-2077,997,16263,-149,48,-1
784435,2156,2055,2092,-1748,1192,16592,-172,85,9
784437,2194,2045,2110,-1748,1192,16592,-181,117,12
784438,2164,2058,2125,-1626,1556,16760,-183,150,15
784439,2130,2061,2124,-1626,1556,16760,-183,150,15
784441,2197,2056,2114,-1626,1556,16760,-179,178,15
784442,2190,2054,2109,-1812,1404,16586,-183,195,18
784444,2085,2055,2107,-1812,1404,16586,-193,201,31
784445,2199,2053,2113,-2170,994,16454,-209,198,41
784446,2146,2054,2119,-2170,994,16454,-222,185,41
784448,2168,2060,2120,-2513,874,16079,-214,162,38
784449,2128,2055,2114,-2513,874,16079,-214,162,38
784451,2171,2058,2120,-2513,874,16079,-179,126,28
784452,2146,2057,2111,-2776,793,15308,-116,83,16
784453,2155,2053,2114,-2776,793,15308,-48,40,11
784455,2172,2065,2115,-2886,556,14968,7,-6,10
784456,2153,2054,2115,-2886,556,14968,38,-42,0
784457,2160,2045,2110,-2886,556,14968,38,-42,0
784459,2160,2063,2118,-2743,578,15185,54,-66,-8
784460,2162,2052,2122,-2743,578,15185,59,-72,-11
784461,2159,2030,2112,-2325,915,15652,60,-61,-9
784463,2165,2056,2112,-2325,915,15652,47,-31,-5
784464,2146,2055,2110,-1868,1186,16300,23,6,2
784465,2162,2058,2125,-1868,1186,16300,23,6,2
784467,2171,2061,2115,-1868,1186,16300,-4,47,2
784468,2156,2055,2106,-1611,1402,16741,-33,80,1
784469,2159,2057,2125,-1611,1402,16741,-58,105,1
784471,2147,2061,2118,-1758,1325,16792,-73,122,4
784472,2160,2057,2117,-1758,1325,16792,-73,122,4
784473,2150,2056,2110,-1758,1325,16792,-77,133,5
784475,2182,2055,2104,-2272,1113,16861,-69,133,11
784476,2165,2054,2114,-2272,1113,16861,-37,129,20
784477,2165,2058,2123,-2724,852,16544,22,119,30
784479,2171,2058,2116,-2724,852,16544,92,105,39
784480,2171,2058,2129,-2724,852,16544,92,105,39
784481,2132,2044,2119,-3029,520,15723,165,88,43
784483,2152,2057,2114,-3029,520,15723,236,70,42
784484,2166,2067,2119,-3168,337,15132,285,52,43
784486,2169,2058,2109,-3168,337,15132,310,45,40
784487,2153,2032,2111,-3168,337,15132,310,45,40
784488,2155,2042,2110,-2917,473,15178,318,40,38
784490,2153,2043,2111,-2917,473,15178,312,35,39
784491,2168,2072,2121,-2405,929,15561,297,40,42
784492,2165,2054,2118,-2405,929,15561,270,60,44
784494,2162,2057,2117,-2064,1320,16201,230,91,52
784495,2163,2061,2113,-2064,1320,16201,230,91,52
784496,2157,2074,2111,-2064,1320,16201,190,130,62
784498,2166,2020,2152,-1839,1493,16423,148,167,75
784499,2166,2017,2114,-1839,1493,16423,113,195,83
784500,2181,2058,2102,-1980,1176,16492,87,223,94
784502,2092,2076,2122,-1980,1176,16492,75,260,115
784503,2159,2061,2117,-1980,1176,16492,75,260,115
784505,2178,2059,2118,-2338,499,16988,79,312,149
784506,2171,2056,2115,-2338,499,16988,108,368,181
784507,2160,2055,2116,-2492,588,17003,180,403,192
784509,2154,2061,2120,-2492,588,17003,316,390,195
784510,2165,2057,2106,-2823,793,15441,474,349,194
784512,2138,2058,2110,-2823,793,15441,602,314,191
784513,2159,2050,2114,-2823,793,15441,602,314,191
784514,2148,2070,2120,-3443,500,15177,683,286,176
784516,2148,2052,2101,-3443,500,15177,727,255,153
784517,2175,2053,2126,-3481,1103,15663,764,222,120
784519,2161,2053,2116,-3481,1103,15663,808,186,95
784520,2154,2051,2116,-3094,2017,15551,841,159,75
784521,2159,2015,2098,-3094,2017,15551,837,140,71
784523,2175,2069,2135,-3094,2017,15551,837,140,71
784524,2149,2058,2106,-2748,2409,15558,793,137,70
784525,2166,2044,2133,-2748,2409,15558,706,144,67
784527,2161,2053,2114,-2555,2752,15904,592,164,69
784528,2169,2067,2126,-2555,2752,15904,464,194,75
784530,2117,2067,2101,-2295,2915,16003,336,222,88
784531,2185,2052,2113,-2295,2915,16003,226,251,104
784532,2156,2034,2106,-2295,2915,16003,226,251,104
784534,2155,2064,2088,-2149,2886,16363,139,279,123
784535,2158,2052,2111,-2149,2886,16363,83,318,137
784537,2169,2041,2109,-2317,2543,18036,63,381,156
784538,2157,2070,2111,-2317,2543,18036,70,440,200
784539,2150,2043,2102,-2561,1394,16632,95,436,248
784541,2161,2054,2114,-2561,1394,16632,158,354,280
784542,2209,2059,2118,-2561,1394,16632,158,354,280
784544,2167,2062,2126,-3486,754,13248,242,218,279
784545,2156,2041,2095,-3486,754,13248,325,77,257
784546,2152,2043,2108,-4523,568,13189,387,-15,219
784548,2166,2064,2128,-4523,568,13189,446,-54,172
784549,2170,2071,2121,-4133,1364,15022,522,-44,124
784551,2170,2053,2117,-4133,1364,15022,619,-13,76
784552,2138,2035,2088,-4133,1364,15022,619,-13,76
784553,2152,2026,2123,-2625,2702,15946,721,21,37
784555,2165,2060,2125,-2625,2702,15946,796,38,14
784556,2168,2067,2129,-1674,3496,15828,830,49,-6
784558,2168,2062,2119,-1674,3496,15828,821,54,-38
784559,2153,2037,2111,-1709,4041,15567,771,66,-80
784560,2159,2056,2111,-1709,4041,15567,771,66,-80
784562,2164,2060,2126,-1709,4041,15567,688,81,-115
784563,2167,2057,2116,-1959,4068,15494,579,106,-140
784565,2154,2065,2115,-1959,4068,15494,468,139,-159
784566,2156,2041,2108,-2324,4065,15771,381,172,-174
784567,2162,2043,2115,-2324,4065,15771,344,199,-190
784569,2166,2059,2122,-2881,4500,16126,350,224,-218
784570,2161,2066,2110,-2881,4500,16126,399,242,-250
784572,2152,2057,2100,-3704,4728,15897,462,257,-279
784573,2163,2042,2105,-3704,4728,15897,462,257,-279
784575,2169,2050,2131,-3704,4728,15897,515,269,-302
784576,2169,2092,2121,-4376,4499,15307,546,278,-314
784578,2119,2020,2110,-4376,4499,15307,550,285,-317
784579,2154,2025,2098,-4763,4391,14859,528,285,-311
784581,2168,2071,2120,-4763,4391,14859,478,275,-294
784582,2116,2040,2129,-4847,4419,14618,399,257,-271
784583,2159,2091,2135,-4847,4419,14618,309,231,-248
784585,2153,1989,2081,-4694,4396,14399,215,205,-220
784586,2171,2066,2116,-4694,4396,14399,215,205,-220
784588,2178,2077,2141,-4694,4396,14399,113,173,-193
784589,2167,2065,2119,-4423,4276,14289,11,141,-174
784591,2126,2102,2098,-4423,4276,14289,-79,119,-172
784592,2168,2053,2129,-4213,4167,14399,-153,105,-166
784594,2149,2081,2125,-4213,4167,14399,-212,97,-165
784595,2180,2094,2120,-4054,4014,14690,-244,95,-167
784596,2194,2002,2110,-4054,4014,14690,-256,91,-173
784598,2159,1987,2060,-4054,4014,14690,-256,91,-173
784599,2100,2080,2087,-3824,3876,14686,-252,77,-181
784601,2196,2026,2134,-3824,3876,14686,-240,51,-189
784602,2173,2093,2140,-3671,3610,14488,-229,19,-204
784604,2166,2064,2153,-3671,3610,14488,-223,-10,-230
784605,2147,1973,2014,-3820,3386,14474,-223,-38,-262
784607,2160,2065,2132,-3820,3386,14474,-232,-73,-286
784608,2200,2136,2169,-3867,3082,14307,-258,-111,-300
784610,2175,1958,2116,-3867,3082,14307,-299,-153,-320
784611,2114,2143,2120,-3824,2891,13874,-348,-213,-335
784613,2172,1972,2136,-3824,2891,13874,-401,-269,-345
784614,2120,2034,2100,-3824,2891,13874,-401,-269,-345
784616,2131,1927,2087,-3662,2771,14025,-444,-312,-354
784617,2150,2144,2110,-3662,2771,14025,-472,-330,-364
784619,2161,1994,2104,-3480,2778,14772,-479,-329,-369
784620,2180,2053,2113,-3480,2778,14772,-474,-326,-364
784622,2204,2239,2111,-3224,2499,15021,-476,-331,-354
784623,2105,1719,2054,-3224,2499,15021,-486,-357,-345
784625,2176,1960,2100,-3078,2101,14989,-509,-398,-340
784626,2168,2124,2116,-3078,2101,14989,-535,-437,-343
784628,2109,2085,2104,-3213,1991,15110,-562,-463,-353
784629,2144,2056,2057,-3213,1991,15110,-600,-478,-363
784631,2149,2015,2146,-3076,1758,15239,-644,-491,-358
784632,2195,1962,2134,-3076,1758,15239,-644,-491,-358
784634,2192,2155,2155,-3076,1758,15239,-696,-499,-341
784635,2225,2161,2090,-2647,1622,15799,-749,-497,-318
784637,2152,2071,2062,-2647,1622,15799,-795,-497,-288
784638,2170,2044,2112,-2407,1868,16367,-834,-490,-269
784640,2172,2098,2145,-2407,1868,16367,-857,-475,-263
784641,2184,1861,2102,-2687,2041,16648,-875,-449,-263
784643,2130,2042,2096,-2687,2041,16648,-887,-416,-256
784644,2157,2108,2130,-3335,1882,16750,-893,-379,-236
784646,2151,2075,2081,-3335,1882,16750,-891,-349,-201
784647,2180,2089,2149,-3882,1405,16604,-890,-335,-150
784649,2133,2116,2091,-3882,1405,16604,-892,-325,-90
784650,2220,2130,2153,-3946,724,16850,-891,-319,-23
784652,2150,2061,2118,-3946,724,16850,-891,-319,-23
784653,2175,2159,2129,-3946,724,16850,-872,-315,34
784655,2232,1964,2130,-3365,170,17078,-834,-313,80
784656,2201,2385,2170,-3365,170,17078,-772,-310,108
784657,2152,1717,2144,-2569,-207,17018,-673,-305,116
784659,2173,2013,2151,-2569,-207,17018,-552,-289,113
784660,2188,2150,2174,-1798,-541,17049,-430,-256,102
784662,2107,2150,2130,-1798,-541,17049,-312,-191,75
784663,2168,1886,2076,-1171,-361,17254,-196,-124,32
784665,2174,2133,2148,-1171,-361,17254,-196,-124,32
784666,2159,2205,2128,-1171,-361,17254,-78,-61,-28
784668,2197,1958,2114,-1090,337,17024,34,-9,-89
784669,2130,2028,2100,-1090,337,17024,123,37,-143
784670,2133,2141,2132,-1779,1057,16780,195,68,-188
784672,2173,2001,2173,-1779,1057,16780,252,67,-219
784673,2160,2035,2108,-2713,1733,16286,290,45,-239
784675,2207,2097,2145,-2713,1733,16286,290,45,-239
784676,2128,2125,2136,-2713,1733,16286,308,14,-256
784677,2137,2059,2132,-3406,2131,15764,295,-15,-268
784679,2190,2029,2153,-3406,2131,15764,248,-35,-261
784680,2235,2030,2142,-3538,2100,15716,165,-40,-237
784682,2149,2076,2120,-3538,2100,15716,65,-33,-200
784683,2133,1966,2120,-3101,1979,15819,-41,-16,-159
784685,2195,2142,2122,-3101,1979,15819,-141,-6,-118
784686,2177,1929,2086,-3101,1979,15819,-141,-6,-118
784688,2211,2060,2106,-2608,1754,15924,-229,4,-85
784689,2178,2032,2135,-2608,1754,15924,-293,19,-65
784690,2149,2075,2177,-2463,1398,16066,-342,32,-58
784692,2093,1989,2025,-2463,1398,16066,-370,45,-59
784693,2169,1875,2119,-2685,963,16095,-375,52,-61
784695,2176,2113,2153,-2685,963,16095,-362,57,-58
784696,2150,1769,2068,-3049,614,16083,-335,61,-48
784697,2137,2146,2124,-3049,614,16083,-335,61,-48
784699,2172,2055,2135,-3049,614,16083,-295,62,-37
784700,2171,2061,2109,-3310,412,16118,-248,55,-19
784702,2191,2033,2090,-3310,412,16118,-198,43,-2
784703,2135,2131,2119,-3355,398,16105,-149,26,3
784704,2161,2012,2130,-3355,398,16105,-97,1,-3
784706,2150,2105,2112,-3355,398,16105,-97,1,-3
784707,2160,2068,2094,-3284,544,15858,-51,-25,-12
784708,2155,2055,2077,-3284,544,15858,-21,-41,-24
784710,2157,2068,2137,-3042,594,15702,-6,-48,-23
784711,2183,2056,2145,-3042,594,15702,-7,-46,-23
784712,2154,2122,2130,-2640,665,15609,-17,-45,-14
784714,2140,1889,2075,-2640,665,15609,-17,-45,-14
784715,2264,2107,2148,-2640,665,15609,-43,-41,1
784716,2178,2126,2117,-2228,594,15594,-86,-30,12
784718,2092,1909,2119,-2228,594,15594,-137,-23,25
784719,2207,2065,2138,-1934,433,15808,-177,-19,37
784721,2173,2044,2099,-1934,433,15808,-204,-9,35
784722,2138,2066,2117,-1934,433,15808,-204,-9,35
784723,2171,2044,2121,-1960,350,16008,-205,7,32
784725,2148,2076,2119,-1960,350,16008,-189,17,30
784726,2150,1995,2070,-2151,84,16016,-156,28,34
784727,2153,2058,2143,-2151,84,16016,-115,28,34
784729,2168,2074,2092,-2273,-97,15956,-64,18,34
784730,2197,2055,2134,-2273,-97,15956,-64,18,34
784731,2143,2077,2118,-2273,-97,15956,-6,1,29
784733,2179,2085,2173,-2363,-58,16036,56,-11,16
784734,2132,2040,2104,-2363,-58,16036,115,-19,-1
784735,2160,2086,2106,-2439,170,16151,170,-15,-21
784737,2141,2050,2122,-2439,170,16151,222,-5,-41
784738,2158,1999,2103,-2439,170,16151,222,-5,-41
784740,2141,2051,2111,-2592,547,16182,259,4,-51
784741,2153,2062,2088,-2592,547,16182,278,20,-52
784742,2198,2072,2123,-2762,929,16153,279,34,-56
784744,2155,1999,2104,-2762,929,16153,261,40,-59
784745,2161,2039,2106,-2861,1225,16091,233,42,-56
784746,2138,2044,2118,-2861,1225,16091,233,42,-56
784748,2123,2065,2099,-2861,1225,16091,194,38,-46
784749,2200,2080,2152,-2792,1227,16200,148,31,-30
784751,2167,2114,2140,-2792,1227,16200,105,29,-18
784752,2112,2036,2113,-2612,1160,16148,75,29,-14
784753,2155,2061,2112,-2612,1160,16148,55,32,-9
784755,2174,2075,2124,-2612,1160,16148,55,32,-9
784756,2170,2054,2116,-2660,970,16061,44,42,-5
784757,2136,2060,2100,-2660,970,16061,46,58,0
784759,2167,2033,2112,-2850,812,16043,59,74,5
784760,2171,2058,2102,-2850,812,16043,79,90,10
784761,2156,2080,2124,-2850,812,16043,79,90,10
784762,2169,2017,2109,-2973,767,15985,103,98,17
784764,2152,2059,2113,-2973,767,15985,128,94,25
784765,2125,2015,2122,-3060,724,15957,157,81,29
784766,2210,2069,2121,-3060,724,15957,188,69,29
784768,2164,2053,2116,-3087,787,15992,216,56,29
784769,2171,2055,2120,-3087,787,15992,216,56,29
784770,2162,2058,2116,-3087,787,15992,249,44,23
784772,2155,2057,2116,-3008,942,15899,283,35,11
784773,2161,2060,2120,-3008,942,15899,312,26,5
784774,2157,2056,2113,-2866,1029,15877,326,21,2
784776,2167,2058,2116,-2866,1029,15877,326,21,2
784777,2163,2053,2108,-2866,1029,15877,337,19,0
784778,2150,2053,2124,-2730,1073,15870,340,16,3
784780,2154,2057,2109,-2730,1073,15870,341,16,3
784781,2168,2061,2123,-2621,1040,15796,331,19,9
784782,2169,2056,2119,-2621,1040,15796,331,19,9
784784,2159,2054,2111,-2621,1040,15796,325,19,14
784785,2160,2061,2114,-2570,952,15665,318,17,17
784786,2169,2059,2119,-2570,952,15665,316,17,20
784788,2165,2052,2133,-2656,825,15762,313,13,25
784789,2137,2043,2096,-2656,825,15762,313,14,31
784791,2178,2065,2115,-2656,825,15762,313,14,31
784792,2181,2063,2126,-2884,681,16062,311,20,41
784793,2104,2034,2114,-2884,681,16062,311,30,62
784795,2161,2054,2129,-3004,538,16038,314,35,85
784796,2188,2055,2117,-3004,538,16038,326,32,111
784797,2164,2042,2060,-3023,578,15954,344,22,133
784799,2159,2066,2150,-3023,578,15954,344,22,133
784800,2151,2058,2102,-3023,578,15954,362,8,151
784801,2176,2061,2142,-3003,686,15698,384,-13,161
784803,2167,2054,2146,-3003,686,15698,405,-36,168
784804,2138,2043,2099,-2956,833,15505,426,-60,178
784805,2158,2054,2110,-2956,833,15505,441,-81,179
784807,2169,2059,2115,-2956,833,15505,441,-81,179
784808,2173,2061,2114,-2972,1040,15385,461,-95,177
784810,2166,2061,2124,-2972,1040,15385,483,-107,180
784811,2154,2053,2116,-2956,1351,15141,503,-123,179
784813,2186,2044,2107,-2956,1351,15141,527,-145,182
784814,2156,2044,2108,-3007,1753,15032,546,-167,181
784815,2166,2062,2105,-3007,1753,15032,555,-184,178
784817,2167,2062,2128,-3148,2114,15133,559,-190,175
784818,2161,2055,2097,-3148,2114,15133,559,-190,175
784820,2157,2057,2119,-3148,2114,15133,565,-191,175
784821,2176,2058,2123,-3141,2523,15118,562,-196,175
784823,2145,2052,2105,-3141,2523,15118,549,-201,173
784824,2153,2052,2108,-3147,2968,15204,520,-216,163
784826,2167,2058,2119,-3147,2968,15204,475,-238,141
784827,2168,2056,2125,-3208,3457,15284,428,-265,117
784829,2169,2061,2108,-3208,3457,15284,386,-295,90
784830,2160,2053,2116,-3331,3910,15306,343,-322,60
784831,2165,2043,2137,-3331,3910,15306,343,-322,60
784833,2145,2056,2103,-3331,3910,15306,304,-341,35
784834,2161,2060,2114,-3376,4147,15827,257,-348,16
784836,2187,2057,2132,-3376,4147,15827,187,-329,3
784837,2166,2058,2110,-3226,4212,16272,103,-298,-7
784838,2157,2057,2114,-3226,4212,16272,29,-278,-14
784840,2175,2056,2117,-2868,4462,15775,-39,-272,-27
784841,2158,2055,2111,-2868,4462,15775,-39,-272,-27
784843,2153,2056,2119,-2868,4462,15775,-109,-275,-42
784844,2148,2057,2116,-2618,4326,15467,-188,-278,-57
784846,2162,2059,2120,-2618,4326,15467,-279,-276,-74
784847,2166,2055,2115,-2501,3881,15680,-376,-268,-95
784849,2148,2054,2108,-2501,3881,15680,-461,-256,-108
784850,2162,2059,2112,-2481,3643,15918,-531,-237,-122
784852,2168,2059,2112,-2481,3643,15918,-579,-218,-138
784853,2178,2062,2123,-2407,3300,16055,-602,-204,-145
784855,2165,2035,2191,-2407,3300,16055,-616,-189,-146
784856,2121,2038,2021,-2438,2702,16392,-620,-166,-145
784858,2164,2068,2133,-2438,2702,16392,-618,-122,-131
784859,2180,2067,2135,-2438,2702,16392,-618,-122,-131
784861,2161,2059,2117,-2430,2119,17129,-606,-67,-109
784862,2170,2054,2116,-2430,2119,17129,-566,-36,-88
784864,2170,2055,2117,-2146,1731,15824,-513,-50,-75
784865,2108,2055,2110,-2146,1731,15824,-471,-107,-77
784867,2167,2055,2115,-2219,1137,14340,-453,-181,-92
784868,2126,2043,2094,-2219,1137,14340,-466,-255,-122
784869,2161,2057,2116,-2533,669,14935,-495,-305,-151
784871,2172,2060,2125,-2533,669,14935,-508,-323,-171
784872,2166,2060,2121,-2400,938,16120,-468,-326,-170
784874,2159,2054,2112,-2400,938,16120,-468,-326,-170
784875,2121,2056,2114,-2400,938,16120,-378,-319,-153
784877,2151,2058,2116,-1860,1179,16174,-275,-297,-129
784878,2165,2059,2114,-1860,1179,16174,-190,-270,-109
784880,2172,2054,2111,-1568,1041,16062,-145,-240,-102
784881,2125,2039,2088,-1568,1041,16062,-130,-222,-114
784883,2173,2060,2123,-1649,1120,16190,-131,-213,-128
784884,2157,2061,2123,-1649,1120,16190,-142,-201,-147
784886,2157,2055,2085,-1776,1423,16679,-142,-184,-156
784887,2164,2055,2126,-1776,1423,16679,-127,-163,-152
784889,2186,2054,2130,-1596,1588,16632,-103,-139,-139
784890,2186,2058,2127,-1596,1588,16632,-92,-114,-128
784892,2156,2058,2117,-1596,1588,16632,-92,-114,-128
784893,2142,2055,2111,-1386,1446,16221,-104,-96,-122
784895,2129,2053,2110,-1386,1446,16221,-146,-91,-124
784896,2179,2058,2121,-1368,1356,15794,-187,-99,-142
784898,2164,2059,2119,-1368,1356,15794,-220,-116,-168
784899,2167,2052,2113,-1564,1273,15458,-256,-138,-193
784901,2163,2055,2109,-1564,1273,15458,-290,-160,-205
784902,2156,2059,2124,-1730,1090,15483,-318,-173,-206
784904,2179,2058,2117,-1730,1090,15483,-336,-183,-201
784905,2170,2056,2110,-1827,1106,15863,-346,-183,-191
784907,2156,2055,2112,-1827,1106,15863,-346,-178,-181
784908,2176,2039,2095,-1815,1089,16174,-346,-170,-166
784910,2170,2059,2110,-1815,1089,16174,-346,-170,-166
784911,2163,2058,2122,-1815,1089,16174,-359,-152,-148
784913,2194,2056,2110,-1739,827,16641,-383,-120,-128
784914,2167,2058,2117,-1739,827,16641,-408,-85,-108
784916,2084,2057,2113,-1686,656,16414,-422,-64,-83
784917,2211,2062,2123,-1686,656,16414,-418,-65,-59
784919,2161,2052,2122,-1835,403,15901,-400,-81,-35
784920,2172,2053,2104,-1835,403,15901,-380,-103,-16
784921,2147,2059,2114,-2128,-45,16225,-360,-110,-3
784923,2165,2062,2120,-2128,-45,16225,-360,-110,-3
784924,2176,2057,2118,-2128,-45,16225,-324,-111,13
784926,2146,2053,2107,-2099,-210,16508,-268,-109,27
784927,2169,2058,2114,-2099,-210,16508,-184,-110,37
784929,2178,2059,2118,-1881,-109,16218,-84,-115,42
784930,2161,2059,2119,-1881,-109,16218,16,-122,38
784931,2138,2045,2088,-1892,8,16239,93,-123,27
784933,2164,2059,2119,-1892,8,16239,93,-123,27
784934,2163,2052,2118,-1892,8,16239,151,-117,14
784935,2164,2060,2126,-1884,351,16622,199,-104,7
784937,2164,2057,2112,-1884,351,16622,240,-90,2
784938,2157,2054,2112,-1682,794,16698,267,-71,4
784939,2165,2056,2119,-1682,794,16698,272,-52,11
784941,2111,2052,2106,-1682,794,16698,272,-52,11
784942,2170,2058,2122,-1548,1022,16366,258,-34,15
784944,2155,2061,2121,-1548,1022,16366,228,-29,19
784945,2166,2051,2104,-1584,1122,15914,184,-31,22
784946,2176,2059,2117,-1584,1122,15914,133,-32,20
784948,2151,2058,2121,-1655,1169,15987,87,-37,20
784949,2165,2058,2118,-1655,1169,15987,87,-37,20
784950,2165,2057,2114,-1655,1169,15987,50,-29,24
784952,2156,2054,2110,-1623,1136,15878,32,-21,30
784953,2167,2056,2115,-1623,1136,15878,26,-13,38
784955,2161,2056,2114,-1569,1037,15644,22,-14,36
784956,2132,2057,2115,-1569,1037,15644,7,-18,32
784957,2163,2054,2117,-1569,1037,15644,7,-18,32
784959,2160,2053,2112,-1729,981,15820,-14,-23,20
784960,2162,2057,2118,-1729,981,15820,-32,-25,5
784961,2165,2058,2119,-1808,1146,16350,-36,-20,-4
784963,2161,2058,2118,-1808,1146,16350,-25,-9,-5
784964,2146,2056,2112,-1731,1204,16535,-7,4,-3
784965,2144,2057,2114,-1731,1204,16535,-7,4,-3
784967,2166,2056,2115,-1731,1204,16535,-2,20,5
784968,2217,2061,2122,-1715,1002,16383,-6,30,13
784969,2164,2058,2119,-1715,1002,16383,-11,25,15
784971,2155,2054,2112,-1900,997,16089,-7,14,11
784972,2155,2053,2109,-1900,997,16089,11,3,14
784973,2160,2057,2119,-1900,997,16089,11,3,14
784975,2168,2058,2120,-2012,903,15923,32,-8,17
784976,2158,2056,2118,-2012,903,15923,52,-11,22
784977,2134,2054,2112,-1984,818,15996,67,-10,23
784979,2143,2056,2115,-1984,818,15996,79,-5,22
784980,2160,2054,2112,-1984,818,15996,79,-5,22
784981,2171,2059,2117,-1889,860,16092,90,-3,22
784982,2180,2058,2119,-1889,860,16092,96,1,20
784984,2149,2055,2111,-1788,1012,15957,101,5,24
784985,2149,2055,2114,-1788,1012,15957,111,4,29
784986,2167,2056,2116,-1788,1012,15957,111,4,29
784988,2151,2058,2118,-1725,1201,15815,118,0,30
784989,2152,2054,2112,-1725,1201,15815,110,-8,27
784990,2178,2055,2108,-1684,1201,15848,95,-14,25
784992,2140,2059,2115,-1684,1201,15848,70,-16,17
784993,2161,2058,2137,-1684,1201,15848,70,-16,17
784995,2160,2057,2117,-1686,1209,15978,45,-17,15
784996,2165,2057,2112,-1686,1209,15978,30,-17,11
784997,2151,2055,2115,-1647,1298,16087,22,-17,9
784999,2136,2055,2115,-1647,1298,16087,21,-20,9
785000,2165,2058,2118,-1680,1233,15892,24,-26,6
785001,2174,2057,2118,-1680,1233,15892,24,-26,6
785003,2148,2057,2116,-1680,1233,15892,20,-41,13
785004,2167,2056,2115,-1837,976,15559,12,-67,15
785005,2169,2056,2124,-1837,976,15559,-6,-92,14
785007,2167,2057,2128,-1929,821,15736,-27,-110,6
785008,2164,2056,2108,-1929,821,15736,-39,-116,2
785009,2164,2059,2117,-1929,821,15736,-39,-116,2
785011,2121,2055,2112,-1774,848,16190,-38,-108,0
785012,2192,2056,2117,-1774,848,16190,-38,-86,7
785013,2177,2056,2117,-1513,801,16421,-30,-57,17
785015,2146,2057,2116,-1513,801,16421,-22,-34,28
785016,2144,2057,2111,-1400,945,16329,-14,-20,25
785018,2158,2056,2114,-1400,945,16329,-14,-20,25
785019,2165,2054,2118,-1400,945,16329,0,-13,15
785020,2172,2056,2114,-1527,1023,16211,8,-8,13
785022,2169,2055,2114,-1527,1023,16211,11,-7,9
785023,2160,2052,2109,-1658,1054,16309,15,-8,7
785024,2167,2058,2117,-1658,1054,16309,15,-8,7
785025,2190,2056,2116,-1658,1054,16309,18,-7,4
785027,2173,2057,2110,-1703,1144,16362,21,-8,6
785028,2145,2057,2118,-1703,1144,16362,27,-8,11
785029,2178,2053,2108,-1637,1174,16245,27,-6,9
785031,2142,2054,2114,-1637,1174,16245,27,-6,9
785032,2163,2059,2120,-1637,1174,16245,20,-8,4
785033,2165,2056,2118,-1611,1154,16196,18,-1,-1
785035,2166,2055,2113,-1611,1154,16196,17,7,-2
785036,2149,2053,2116,-1625,1160,16162,18,12,-4
785037,2147,2053,2107,-1625,1160,16162,16,19,-3
785039,2158,2059,2118,-1625,1160,16162,16,19,-3
785040,2162,2059,2119,-1645,1148,16109,15,24,-5
785041,2162,2057,2118,-1645,1148,16109,7,34,-6
785043,2150,2054,2110,-1742,1203,16306,-5,41,-7
785044,2165,2056,2117,-1742,1203,16306,-7,51,-7
785045,2171,2056,2116,-1742,1203,16306,-7,51,-7
785047,2149,2058,2117,-1698,1274,16395,-5,57,1
785048,2161,2052,2109,-1698,1274,16395,-7,63,5
785049,2135,2044,2117,-1688,1258,16313,-14,60,13
785051,2188,2057,2122,-1688,1258,16313,-31,58,16
785052,2153,2056,2117,-1728,1123,16537,-46,61,18
785053,2157,2058,2115,-1728,1123,16537,-46,61,18
785055,2167,2044,2115,-1728,1123,16537,-59,72,24
785056,2223,2055,2115,-1722,1014,16609,-56,89,30
785057,2097,2053,2102,-1722,1014,16609,-28,101,41
785059,2180,2062,2126,-1700,852,16161,8,112,47
785060,2160,2054,2115,-1700,852,16161,8,112,47
785061,2165,2053,2113,-1700,852,16161,38,114,51
785063,2163,2055,2115,-1856,560,15700,57,104,47
785064,2154,2059,2119,-1856,560,15700,82,78,48
785065,2157,2056,2118,-1947,481,15260,107,50,47
785067,2162,2055,2113,-1947,481,15260,113,23,43
785068,2153,2052,2112,-1947,481,15260,113,23,43
785069,2156,2057,2115,-1829,534,15572,94,6,31
785071,2131,2057,2114,-1829,534,15572,60,2,18
785072,2253,2063,2128,-1478,890,16517,18,15,11
785073,2140,2050,2104,-1478,890,16517,-29,48,2
785075,2168,2054,2114,-1478,890,16517,-29,48,2
785076,2166,2056,2108,-1141,1301,17482,-76,92,0
785077,2178,2058,2130,-1141,1301,17482,-123,155,-5
785079,2171,2060,2123,-975,1620,18254,-162,227,-14
785080,2133,2053,2114,-975,1620,18254,-186,306,-14
785082,2164,2063,2125,-1112,1562,18804,-195,385,1
785083,2155,2057,2115,-1112,1562,18804,-195,385,1
785084,2177,2053,2127,-1112,1562,18804,-201,467,28
785086,2159,2057,2112,-1539,1032,18988,-211,556,65
785087,2153,2056,2105,-1539,1032,18988,-221,647,108
785089,2166,2054,2106,-2055,555,19285,-221,740,145
785090,2153,2056,2118,-2055,555,19285,-206,838,177
785091,2223,2059,2125,-2578,570,19651,-158,934,202
785093,2167,2055,2109,-2578,570,19651,-76,1026,236
785094,2215,2056,2117,-2578,570,19651,-76,1026,236
785096,2158,2056,2116,-3087,626,19662,23,1109,273
785097,2165,2058,2118,-3087,626,19662,117,1184,312
785099,2161,2057,2117,-3399,619,19720,200,1261,351
785100,2158,2054,2111,-3399,619,19720,256,1342,386
785101,2161,2057,2117,-3273,661,19675,291,1426,415
785103,2180,2059,2116,-3273,661,19675,316,1510,432
785104,2201,2060,2118,-3273,661,19675,316,1510,432
785106,2117,2055,2109,-2960,803,19462,343,1594,433
785107,2164,2056,2114,-2960,803,19462,386,1679,426
785108,2170,2055,2116,-2805,900,19128,453,1764,411
785110,2162,2059,2116,-2805,900,19128,540,1849,395
785111,2147,2056,2112,-2924,759,18618,642,1937,380
785113,2164,2055,2107,-2924,759,18618,754,2025,369
785114,2174,2052,2106,-3339,744,18049,872,2103,352
785116,2178,2060,2123,-3339,744,18049,872,2103,352
785117,2160,2059,2121,-3339,744,18049,989,2168,322
785118,2163,2055,2112,-3943,1083,17432,1105,2221,284
785120,2156,2055,2116,-3943,1083,17432,1212,2263,250
785121,2158,2056,2115,-4625,1419,16856,1311,2303,220
785123,2160,2058,2121,-4625,1419,16856,1393,2341,207
785124,2163,2056,2117,-5073,1743,16407,1452,2374,198
785126,2158,2055,2112,-5073,1743,16407,1487,2405,200
785127,2171,2056,2114,-5168,2149,16174,1497,2425,205
785129,2147,2059,2117,-5168,2149,16174,1497,2425,205
785130,2148,2054,2119,-5168,2149,16174,1489,2441,208
785132,2185,2057,2150,-5052,2655,15879,1464,2457,214
785133,2127,2051,2086,-5052,2655,15879,1427,2472,220
785135,2100,2068,2136,-5009,2941,15664,1378,2496,234
785136,2172,2063,2103,-5009,2941,15664,1321,2528,241
785138,2166,2056,2116,-5125,3412,15532,1266,2567,240
785139,2144,2045,2126,-5125,3412,15532,1223,2604,223
785141,2168,2060,2133,-5309,4261,14817,1198,2637,195
785142,2159,2059,2138,-5309,4261,14817,1187,2673,171
785144,2162,2061,2115,-5501,4789,14020,1160,2720,162
785145,2144,2054,2129,-5501,4789,14020,1160,2720,162
785146,2174,2056,2123,-5501,4789,14020,1081,2768,166
785148,2124,2055,2159,-5657,4436,13494,946,2832,197
785149,2172,2054,2114,-5657,4436,13494,767,2918,260
785151,2158,2058,2110,-5791,3991,13055,570,3004,343
785152,2155,2054,2119,-5791,3991,13055,406,3075,432
785154,2150,2057,2111,-6159,4345,12535,305,3139,515
785155,2167,2061,2083,-6159,4345,12535,276,3199,574
785157,2134,2053,2127,-7254,4714,11851,323,3246,614
785158,2148,2052,2107,-7254,4714,11851,323,3246,614
785160,2159,2045,2106,-7254,4714,11851,416,3281,640
785161,2175,2058,2122,-8801,4279,11083,528,3304,659
785162,2150,2053,2142,-8801,4279,11083,654,3305,673
785164,2157,2055,2114,-10091,3941,10679,793,3280,674
785165,2165,2059,2131,-10091,3941,10679,958,3222,659
785167,2166,2055,2084,-10777,4126,10468,1154,3150,632
785168,2196,2052,2127,-10777,4126,10468,1344,3087,584
785170,2142,2063,2134,-11046,4323,10437,1554,3024,536
785171,2200,2051,2116,-11046,4323,10437,1779,2960,469
785173,2147,2057,2109,-11046,4323,10437,1779,2960,469
785174,2165,2058,2120,-11273,4726,10170,2020,2897,380
785176,2203,2058,2119,-11273,4726,10170,2279,2838,286
785177,2148,2044,2107,-11255,5088,9180,2536,2777,192
785179,2174,2052,2111,-11255,5088,9180,2774,2706,109
785180,2145,2057,2114,-10965,5277,7467,2972,2634,32
785182,2161,2058,2117,-10965,5277,7467,3128,2568,-35
785183,2154,2056,2121,-10415,5639,6077,3233,2521,-89
785185,2171,2054,2110,-10415,5639,6077,3298,2503,-129
785186,2165,2057,2121,-9749,6221,5138,3317,2508,-161
785188,2201,2057,2086,-9749,6221,5138,3295,2528,-193
785189,2160,2058,2115,-9749,6221,5138,3295,2528,-193
785191,2154,2054,2106,-9150,6715,4656,3234,2568,-213
785192,2141,2059,2106,-9150,6715,4656,3143,2629,-221
785194,2107,2050,2103,-8855,7217,4447,3037,2688,-229
785195,2212,2060,2115,-8855,7217,4447,2940,2726,-222
785197,2193,2044,2106,-9220,7871,3659,2846,2739,-213
785198,2098,2058,2117,-9220,7871,3659,2732,2719,-211
785199,2153,2058,2090,-10241,8201,2894,2583,2680,-209
785201,2146,2059,2105,-10241,8201,2894,2409,2597,-215
785202,2140,2052,2106,-11263,8193,1988,2197,2458,-246
785204,2149,2055,2110,-11263,8193,1988,1956,2300,-274
785205,2211,2056,2118,-11263,8193,1988,1956,2300,-274
785207,2193,2056,2132,-11744,7876,2459,1682,2197,-297
785209,2191,2054,2106,-11744,7876,2459,1446,2047,-320
785210,2202,2050,2105,-12316,7828,1640,1217,1817,-360
785212,2124,2054,2118,-12316,7828,1640,1021,1621,-399
785213,2182,2057,2119,-12941,7338,2582,847,1464,-418
785214,2186,2063,2119,-12941,7338,2582,699,1336,-427
785216,2183,2055,2115,-12778,6963,3118,611,1221,-437
785217,2159,2057,2120,-12778,6963,3118,578,1111,-453
785219,2167,2056,2123,-12358,6874,3015,591,1005,-491
785220,2177,2058,2147,-12358,6874,3015,628,900,-532
785222,2150,2044,2125,-12358,6874,3015,628,900,-532
785223,2185,2053,2094,-12196,6467,3105,676,797,-572
785225,2157,2055,2111,-12196,6467,3105,721,702,-624
785226,2165,2042,2113,-12134,6061,3474,754,624,-684
785228,2156,2060,2121,-12134,6061,3474,785,561,-745
785229,2173,2055,2114,-11987,6059,3759,812,515,-800
785231,2143,2055,2116,-11987,6059,3759,835,490,-859
785232,2136,2054,2111,-11827,6529,3891,848,480,-931
785233,2175,2058,2121,-11827,6529,3891,840,480,-1010
785235,2166,2055,2112,-11827,6529,3891,840,480,-1010
785236,2151,2055,2112,-12071,7132,3993,802,485,-1090
785238,2168,2058,2123,-12071,7132,3993,746,476,-1169
785239,2167,2059,2118,-12729,7692,3515,678,429,-1243
785241,2162,2052,2102,-12729,7692,3515,602,339,-1311
785242,2169,2057,2116,-13784,7542,2582,508,222,-1350
785244,2160,2056,2112,-13784,7542,2582,385,75,-1378
785245,2169,2057,2114,-14906,6926,1882,246,-101,-1413
785247,2166,2056,2122,-14906,6926,1882,112,-305,-1454
785248,2150,2056,2104,-15481,6474,1432,1,-516,-1508
785250,2152,2053,2108,-15481,6474,1432,-87,-723,-1565
785251,2178,2059,2124,-15481,6474,1432,-87,-723,-1565
785253,2150,2059,2118,-15549,6056,1458,-151,-916,-1628
785254,2164,2045,2114,-15549,6056,1458,-199,-1082,-1706
785256,2164,2043,2095,-15350,5877,1957,-218,-1228,-1776
785257,2159,2059,2111,-15350,5877,1957,-220,-1354,-1838
785259,2140,2061,2129,-14874,5912,2242,-200,-1451,-1885
785260,2203,2057,2115,-14874,5912,2242,-168,-1524,-1919
785262,2151,2055,2111,-14313,5992,2446,-143,-1578,-1951
785264,2149,2057,2119,-14313,5992,2446,-146,-1610,-1983
785265,2173,2056,2120,-14029,5875,2782,-185,-1627,-2003
785267,2157,2059,2122,-14029,5875,2782,-270,-1634,-2026
785268,2163,2045,2110,-14164,5690,3031,-398,-1640,-2047
785270,2147,2061,2147,-14164,5690,3031,-552,-1660,-2067
785271,2199,2055,2127,-14622,5347,3266,-728,-1690,-2080
785273,2169,2061,2107,-14622,5347,3266,-926,-1736,-2093
785274,2148,2060,2119,-15156,4789,3921,-1141,-1798,-2111
785276,2168,2059,2123,-15156,4789,3921,-1354,-1881,-2135
785278,2169,2063,2119,-15563,4480,4831,-1551,-1972,-2170
785279,2169,2052,2093,-15563,4480,4831,-1708,-2063,-2211
785281,2163,2055,2087,-15571,4208,5392,-1826,-2153,-2254
785282,2141,2059,2112,-15571,4208,5392,-1932,-2249,-2309
785284,2178,2061,2141,-15114,3424,6082,-2029,-2349,-2374
785286,2158,2061,2104,-15114,3424,6082,-2123,-2452,-2445
785287,2183,2053,2117,-15114,3424,6082,-2123,-2452,-2445
785289,2152,2057,2115,-14493,2568,6828,-2215,-2558,-2527
785290,2152,2063,2105,-14493,2568,6828,-2294,-2660,-2614
785292,2177,2054,2126,-13674,1704,6956,-2359,-2756,-2692
785294,2143,2052,2129,-13674,1704,6956,-2415,-2825,-2756
785295,2171,2058,2130,-12887,771,6762,-2462,-2866,-2817
785297,2185,2056,2128,-12887,771,6762,-2506,-2877,-2864
785298,2151,2065,2097,-12505,-487,6952,-2560,-2854,-2899
785300,2171,2055,2122,-12505,-487,6952,-2614,-2788,-2922
785301,2150,2056,2107,-12503,-1493,7796,-2649,-2687,-2927
785303,2217,2050,2125,-12503,-1493,7796,-2643,-2576,-2907
785305,2121,2064,2097,-12642,-2176,8268,-2598,-2464,-2864
785306,2215,2029,2067,-12642,-2176,8268,-2535,-2364,-2812
785308,2156,2054,2109,-12824,-3061,8631,-2470,-2282,-2747
785309,2159,2056,2106,-12824,-3061,8631,-2404,-2214,-2674
785311,2156,2062,2124,-12847,-3995,8788,-2329,-2173,-2604
785313,2129,2043,2105,-12847,-3995,8788,-2253,-2160,-2545
785314,2149,2053,2117,-12624,-4744,8641,-2184,-2163,-2500
785316,2136,2037,2108,-12624,-4744,8641,-2135,-2176,-2481
785318,2172,2061,2114,-12022,-5549,8975,-2109,-2181,-2477
785319,2177,2052,2116,-12022,-5549,8975,-2100,-2180,-2476
785321,2157,2057,2108,-11145,-6359,9132,-2069,-2178,-2451
785322,2172,2050,2125,-11145,-6359,9132,-1996,-2156,-2383
785324,2163,2057,2108,-10310,-7557,9253,-1878,-2100,-2272
785326,2179,2058,2121,-10310,-7557,9253,-1715,-2000,-2111
785327,2145,2055,2118,-9586,-8685,10068,-1532,-1844,-1918
785329,2160,2059,2115,-9586,-8685,10068,-1393,-1625,-1734
785331,2204,2057,2114,-8892,-9074,10797,-1250,-1368,-1559
785332,2154,2044,2132,-8892,-9074,10797,-1127,-1113,-1394
785334,2136,2054,2111,-7912,-8719,10825,-1193,-865,-1306
785335,2184,2060,2117,-7912,-8719,10825,-1104,-640,-1014
785337,2164,2056,2118,-7772,-10098,11515,-889,-419,-727
785338,2141,2052,2113,-7772,-10098,11515,-752,-201,-507
785340,2161,2056,2113,-8111,-10189,11938,-631,-11,-313
785342,2166,2055,2105,-8111,-10189,11938,-531,139,-140
785343,2163,2056,2107,-8769,-10539,11328,-453,252,18
785345,2157,2057,2105,-8769,-10539,11328,-383,337,177
785346,2159,2054,2114,-9306,-11202,10901,-316,415,341
785348,2143,2054,2117,-9306,-11202,10901,-316,415,341
785349,2167,2059,2130,-9306,-11202,10901,-247,499,513
785351,2158,2059,2122,-9629,-11566,10855,-158,589,680
785352,2178,2045,2111,-9629,-11566,10855,-36,693,840
785354,2164,2061,2121,-9873,-11405,10755,121,801,991
785355,2168,2058,2147,-9873,-11405,10755,320,908,1135
785357,2177,2054,2121,-10194,-11089,10505,555,1008,1282
785358,2158,2054,2110,-10194,-11089,10505,805,1108,1437
785360,2209,2055,2115,-10687,-10696,10352,1063,1211,1607
785361,2159,2056,2119,-10687,-10696,10352,1314,1309,1788
785363,2163,2057,2115,-11156,-9965,10167,1540,1404,1965
785364,2156,2055,2108,-11156,-9965,10167,1738,1504,2132
785366,2151,2059,2110,-11568,-8976,9890,1898,1607,2288
785368,2159,2058,2132,-11568,-8976,9890,2032,1703,2428
785369,2168,2052,2079,-11963,-7812,9587,2132,1786,2553
785371,2188,2055,2115,-11963,-7812,9587,2209,1869,2661
785372,2140,2057,2106,-11963,-7812,9587,2209,1869,2661
785374,2147,2058,2108,-12266,-6527,9215,2261,1940,2756
785375,2165,2057,2117,-12266,-6527,9215,2288,1994,2841
785377,2186,2057,2106,-12501,-5351,8692,2290,2038,2915
785378,2069,2056,2121,-12501,-5351,8692,2276,2082,2982
785380,2214,2059,2119,-12750,-4196,8170,2261,2116,3050
785381,2141,2056,2110,-12750,-4196,8170,2242,2130,3118
785383,2172,2057,2109,-12944,-3103,7620,2220,2127,3183
785384,2162,2054,2104,-12944,-3103,7620,2205,2109,3255
785386,2167,2040,2080,-13290,-2008,7313,2209,2083,3330
785387,2106,2056,2114,-13290,-2008,7313,2230,2057,3401
785389,2178,2051,2128,-13665,-1171,6854,2244,2023,3463
785390,2144,2054,2116,-13665,-1171,6854,2236,1982,3507
785392,2140,2060,2141,-13972,-618,6678,2207,1930,3526
785394,2210,2050,2116,-13972,-618,6678,2170,1858,3514
785395,2149,2061,2126,-14093,287,6474,2141,1764,3477
785397,2155,2061,2091,-14093,287,6474,2141,1764,3477
785398,2158,2057,2119,-14093,287,6474,2122,1659,3414
785399,2164,2063,2137,-14168,1107,6292,2109,1549,3340
785401,2165,2056,2119,-14168,1107,6292,2097,1457,3261
785402,2171,2056,2124,-14059,1786,6588,2087,1390,3175
785404,2128,2051,2113,-14059,1786,6588,2090,1350,3095
785405,2191,2042,2104,-13636,2543,7072,2124,1339,3032
785407,2179,2057,2091,-13636,2543,7072,2185,1359,2988
785408,2155,2043,2108,-12996,3058,7153,2260,1407,2964
785410,2154,2061,2113,-12996,3058,7153,2379,1477,2961
785411,2135,2058,2094,-12358,3580,6430,2498,1535,2950
785413,2168,2058,2112,-12358,3580,6430,2600,1589,2919
785414,2154,2054,2113,-12358,3580,6430,2600,1589,2919
785416,2144,2052,2109,-12340,4455,5849,2698,1618,2876
785418,2161,2056,2116,-12340,4455,5849,2854,1616,2865
785419,2167,2056,2118,-12496,5707,5489,2942,1594,2774
785421,2204,2056,2116,-12496,5707,5489,2874,1548,2622
785422,2159,2055,2107,-12387,6959,4995,2792,1493,2496
785424,2173,2056,2131,-12387,6959,4995,2696,1431,2377
785425,2153,2057,2114,-12103,7878,4553,2589,1365,2253
785427,2169,2060,2123,-12103,7878,4553,2474,1303,2112
785428,2157,2057,2120,-12029,8930,4386,2353,1259,1965
785430,2147,2053,2104,-12029,8930,4386,2237,1225,1817
785431,2206,2056,2125,-12516,9567,4088,2135,1191,1671
785433,2206,2059,2115,-12516,9567,4088,2135,1191,1671
785434,2164,2056,2115,-12516,9567,4088,2033,1152,1538
785436,2178,2054,2111,-13483,9754,3531,1931,1118,1418
785437,2162,2056,2117,-13483,9754,3531,1834,1079,1308
785439,2125,2055,2116,-14514,10071,2920,1747,1027,1197
785440,2178,2056,2145,-14514,10071,2920,1661,954,1083
785442,2178,2057,2121,-15034,10636,2263,1558,849,959
785443,2170,2055,2117,-15034,10636,2263,1435,710,827
785445,2165,2059,2117,-14932,10990,1756,1290,540,693
785446,2157,2057,2128,-14932,10990,1756,1121,357,560
785448,2152,2058,2114,-14540,11182,1320,927,171,444
785449,2150,2050,2117,-14540,11182,1320,716,-8,340
785450,2166,2057,2121,-14540,11182,1320,716,-8,340
785452,2153,2057,2120,-14173,11344,1052,497,-177,237
785453,2173,2057,2115,-14173,11344,1052,284,-339,135
785455,2145,2052,2106,-13801,11553,633,96,-492,43
785456,2176,2059,2111,-13801,11553,633,-73,-634,-38
785458,2165,2056,2109,-13583,11545,464,-224,-766,-109
785459,2166,2059,2118,-13583,11545,464,-376,-890,-184
785461,2157,2044,2105,-13387,11525,692,-535,-1015,-277
785462,2147,2052,2113,-13387,11525,692,-704,-1142,-384
785464,2156,2058,2104,-12970,11546,916,-873,-1275,-495
785465,2166,2056,2116,-12970,11546,916,-873,-1275,-495
785467,2166,2055,2112,-12970,11546,916,-1029,-1412,-610
785468,2144,2056,2114,-12394,11661,1436,-1168,-1542,-734
785470,2168,2054,2115,-12394,11661,1436,-1287,-1646,-853
785471,2195,2059,2134,-11949,11545,1972,-1386,-1729,-967
785473,2151,2054,2105,-11949,11545,1972,-1474,-1790,-1080
785475,2159,2059,2113,-11850,11050,2483,-1561,-1830,-1186
785476,2162,2055,2113,-11850,11050,2483,-1633,-1853,-1283
785478,2160,2059,2119,-12049,10266,2957,-1694,-1874,-1375
785480,2165,2058,2116,-12049,10266,2957,-1743,-1882,-1456
785481,2138,2050,2107,-12496,9344,3524,-1780,-1882,-1529
785483,2156,2052,2081,-12496,9344,3524,-1809,-1883,-1604
785484,2166,2053,2134,-12955,8608,4059,-1829,-1888,-1677
785486,2153,2055,2109,-12955,8608,4059,-1840,-1904,-1752
785487,2163,2043,2118,-13083,8082,4445,-1843,-1932,-1823
785489,2166,2056,2110,-13083,8082,4445,-1831,-1964,-1893
785491,2169,2060,2129,-13170,7674,4901,-1812,-1995,-1964
785492,2169,2057,2081,-13170,7674,4901,-1794,-2015,-2021
785494,2166,2054,2104,-13306,7203,5611,-1789,-2029,-2079
785495,2145,2060,2115,-13306,7203,5611,-1804,-2036,-2141
785497,2153,2056,2120,-13354,6694,6525,-1846,-2041,-2205
785499,2166,2055,2122,-13354,6694,6525,-1909,-2058,-2276
785500,2165,2044,2095,-13234,6286,7270,-1980,-2094,-2351
785502,2162,2051,2112,-13234,6286,7270,-2059,-2151,-2432
785503,2162,2058,2110,-13154,5658,7721,-2129,-2224,-2509
785505,2159,2056,2097,-13154,5658,7721,-2199,-2307,-2584
785507,2155,2052,2102,-13094,4681,8361,-2280,-2393,-2668
785508,2182,2043,2118,-13094,4681,8361,-2363,-2470,-2756
785510,2146,2052,2126,-12915,3625,9284,-2446,-2535,-2843
785511,2182,2052,2113,-12915,3625,9284,-2522,-2596,-2931
785513,2174,2059,2106,-12502,2740,9952,-2584,-2643,-3013
785515,2135,2056,2115,-12502,2740,9952,-2622,-2683,-3084
785516,2177,2058,2118,-11900,1918,10094,-2634,-2709,-3141
785518,2164,2059,2109,-11900,1918,10094,-2642,-2714,-3181
785519,2148,2051,2101,-11276,812,10107,-2656,-2701,-3207
785521,2175,2052,2109,-11276,812,10107,-2681,-2668,-3224
785523,2124,2058,2114,-10783,-174,9871,-2702,-2621,-3227
785524,2166,2054,2115,-10783,-174,9871,-2705,-2565,-3207
785526,2157,2056,2120,-10783,-174,9871,-2705,-2565,-3207
785527,2208,2054,2113,-10467,-1293,9577,-2702,-2493,-3159
785529,2155,2057,2114,-10467,-1293,9577,-2698,-2399,-3095
785530,2178,2057,2116,-10464,-2675,10102,-2709,-2278,-3012
785532,2145,2050,2111,-10464,-2675,10102,-2732,-2134,-2909
785534,2209,2056,2096,-10452,-3850,10939,-2745,-1987,-2786
785535,2173,2054,2112,-10452,-3850,10939,-2734,-1840,-2653
785537,2163,2056,2110,-10214,-4838,11483,-2702,-1698,-2518
785539,2162,2038,2112,-10214,-4838,11483,-2664,-1557,-2374
785540,2143,2045,2112,-9965,-6132,12075,-2578,-1416,-2205
785542,2182,2056,2119,-9965,-6132,12075,-2445,-1263,-2018
785544,2167,2060,2115,-10023,-7104,12765,-2281,-1086,-1835
785545,2141,2043,2109,-10023,-7104,12765,-2074,-891,-1665
785547,2165,2057,2116,-10320,-6887,12638,-1873,-720,-1536
785548,2177,2057,2128,-10320,-6887,12638,-1646,-504,-1430
785550,2194,2053,2120,-10393,-6469,12048,-1472,-349,-1359
785552,2164,2058,2114,-10393,-6469,12048,-1499,-232,-1341
785553,2159,2061,2123,-10022,-7833,10762,-1354,-182,-1153
785555,2222,2057,2121,-10022,-7833,10762,-1244,-166,-1010
785557,2147,2054,2111,-9282,-8800,10824,-1224,-159,-908
785558,2121,2055,2114,-9282,-8800,10824,-1211,-144,-798
785560,2169,2057,2119,-8170,-9382,11433,-1168,-109,-672
785561,2140,2053,2110,-8170,-9382,11433,-1069,-45,-528
785563,2174,2054,2120,-7650,-10048,11755,-900,64,-361
785564,2143,2059,2124,-7650,-10048,11755,-657,226,-178
785566,2142,2053,2115,-8110,-10555,12078,-338,435,28
785567,2168,2056,2117,-8110,-10555,12078,25,685,251
785569,2173,2056,2116,-9114,-10802,12310,396,951,480
785570,2155,2054,2109,-9114,-10802,12310,746,1213,703
785572,2152,2057,2114,-10110,-10497,12013,1042,1449,908
785573,2162,2057,2116,-10110,-10497,12013,1259,1640,1084
785575,2155,2052,2089,-10806,-9515,11281,1409,1769,1243
785576,2150,2057,2112,-10806,-9515,11281,1508,1845,1381
785578,2159,2056,2117,-10806,-9515,11281,1508,1845,1381
785580,2155,2056,2114,-11168,-8166,10404,1580,1868,1515
785581,2162,2058,2117,-11168,-8166,10404,1623,1860,1639
785583,2157,2057,2108,-11244,-7115,9792,1641,1839,1759
785584,2114,2056,2108,-11244,-7115,9792,1634,1822,1876
785586,2164,2056,2110,-11148,-6433,9510,1609,1820,1981
785587,2168,2058,2121,-11148,-6433,9510,1578,1824,2078
785589,2175,2058,2114,-11062,-5851,9276,1545,1828,2163
785590,2139,2044,2116,-11062,-5851,9276,1520,1822,2232
785592,2170,2056,2134,-11253,-5166,9123,1517,1803,2285
785593,2158,2055,2105,-11253,-5166,9123,1535,1768,2326
785595,2159,2057,2117,-11822,-4479,9157,1580,1726,2356
785596,2163,2054,2110,-11822,-4479,9157,1636,1696,2383
785598,2161,2056,2117,-12299,-4042,9200,1694,1676,2406
785600,2167,2057,2118,-12299,-4042,9200,1748,1664,2431
785601,2167,2059,2129,-12433,-3663,9078,1795,1662,2453
785603,2144,2056,2116,-12433,-3663,9078,1837,1664,2477
785604,2175,2055,2117,-12433,-3663,9078,1837,1664,2477
785606,2154,2056,2121,-12383,-3120,8807,1870,1670,2509
785607,2161,2058,2117,-12383,-3120,8807,1904,1679,2541
785609,2158,2054,2113,-12340,-2368,8416,1946,1692,2578
785610,2149,2054,2098,-12340,-2368,8416,2010,1704,2620
785612,2174,2052,2122,-12431,-1481,7880,2094,1713,2662
785613,2122,2056,2108,-12431,-1481,7880,2193,1730,2708
785615,2150,2059,2110,-12694,-676,7601,2294,1752,2751
785616,2161,2055,2110,-12694,-676,7601,2397,1773,2793
785618,2149,2053,2108,-12916,181,7504,2501,1790,2834
785619,2171,2056,2118,-12916,181,7504,2603,1799,2862
785621,2153,2057,2119,-12964,1181,6965,2697,1786,2884
785622,2161,2053,2089,-12964,1181,6965,2762,1762,2885
785624,2182,2055,2120,-12916,2062,6133,2792,1724,2870
785625,2201,2059,2113,-12916,2062,6133,2792,1724,2870
785627,2165,2059,2117,-12916,2062,6133,2778,1686,2842
785628,2210,2055,2113,-13007,2607,6086,2735,1647,2804
785630,2158,2054,2117,-13007,2607,6086,2713,1637,2777
785631,2209,2057,2112,-12317,3054,5785,2759,1626,2765
785633,2173,2056,2102,-12317,3054,5785,2779,1579,2706
785634,2159,2054,2115,-12346,3830,5535,2866,1558,2671
785636,2143,2057,2124,-12346,3830,5535,3072,1543,2670
785637,2159,2057,2121,-12017,5487,5454,3056,1550,2517
785639,2206,2055,2118,-12017,5487,5454,2957,1562,2367
785640,2166,2056,2121,-11836,6522,5004,2874,1571,2270
785642,2152,2053,2115,-11836,6522,5004,2775,1576,2189
785643,2199,2056,2119,-11836,6522,5004,2775,1576,2189
785645,2182,2058,2113,-12096,7327,4741,2667,1566,2113
785646,2145,2056,2122,-12096,7327,4741,2554,1542,2034
785648,2169,2058,2119,-12561,8379,4677,2429,1503,1951
785649,2192,2052,2125,-12561,8379,4677,2304,1447,1866
785651,2226,2057,2116,-13147,9158,4730,2166,1378,1776
785652,2158,2059,2114,-13147,9158,4730,2007,1297,1672
785654,2165,2055,2088,-13518,9702,4525,1840,1203,1554
785655,2197,2052,2121,-13518,9702,4525,1676,1094,1433
785657,2159,2054,2110,-13630,10150,4060,1520,976,1317
785658,2173,2059,2117,-13630,10150,4060,1369,849,1207
785660,2210,2056,2121,-13615,10448,3737,1217,720,1101
785661,2199,2055,2112,-13615,10448,3737,1057,600,992
785663,2171,2059,2119,-13615,10448,3737,1057,600,992
785664,2170,2054,2103,-13466,10623,3481,889,488,887
785666,2155,2056,2117,-13466,10623,3481,726,379,788
785667,2156,2054,2124,-13220,10762,3039,570,272,691
785669,2164,2057,2116,-13220,10762,3039,417,171,598
785670,2160,2056,2121,-13196,10791,2795,273,68,496
785672,2159,2058,2116,-13196,10791,2795,134,-28,391
785673,2220,2059,2112,-13475,10813,2826,7,-119,292
785675,2145,2043,2084,-13475,10813,2826,-106,-216,188
785676,2169,2056,2109,-13475,10813,2826,-106,-216,188
785678,2124,2057,2129,-13784,10990,2719,-218,-328,74
785679,2162,2058,2112,-13784,10990,2719,-326,-462,-51
785681,2147,2054,2114,-14055,11201,2379,-432,-614,-188
785682,2180,2055,2116,-14055,11201,2379,-547,-782,-331
785684,2153,2059,2113,-14182,11322,2105,-658,-962,-464
785685,2152,2052,2100,-14182,11322,2105,-776,-1138,-595
785687,2160,2045,2115,-14064,11301,2243,-897,-1302,-717
785688,2170,2056,2120,-14064,11301,2243,-1013,-1448,-821
785690,2195,2057,2110,-13669,11156,2531,-1122,-1570,-907
785691,2170,2061,2114,-13669,11156,2531,-1217,-1660,-979
785693,2153,2056,2116,-13307,10844,2886,-1294,-1719,-1030
785695,2160,2060,2133,-13307,10844,2886,-1352,-1744,-1074
785696,2174,2054,2119,-13203,10345,3282,-1406,-1738,-1119
785698,2162,2060,2118,-13203,10345,3282,-1463,-1712,-1168
785699,2158,2055,2100,-13295,9681,3691,-1530,-1679,-1219
785701,2151,2057,2116,-13295,9681,3691,-1616,-1645,-1271
785703,2156,2059,2132,-13618,9117,4337,-1715,-1617,-1328
785704,2181,2052,2129,-13618,9117,4337,-1830,-1596,-1395
785706,2159,2055,2099,-13894,8730,5317,-1967,-1590,-1470
785707,2159,2054,2119,-13894,8730,5317,-2127,-1612,-1549
785709,2158,2057,2114,-13911,7968,6197,-2308,-1655,-1624
785711,2163,2057,2128,-13911,7968,6197,-2514,-1711,-1689
785712,2145,2055,2120,-13907,6802,7345,-2727,-1769,-1745
785714,2166,2056,2117,-13907,6802,7345,-2942,-1821,-1804
785715,2168,2043,2123,-13705,5602,8515,-3145,-1869,-1860
785717,2180,2051,2128,-13705,5602,8515,-3145,-1869,-1860
785719,2162,2056,2112,-13705,5602,8515,-3326,-1910,-1915
785720,2137,2053,2101,-13222,4475,9320,-3470,-1942,-1967
785722,2169,2059,2120,-13222,4475,9320,-3572,-1964,-2019
785723,2174,2056,2127,-12894,3598,10083,-3620,-1972,-2066
785725,2144,2055,2123,-12894,3598,10083,-3625,-1958,-2104
785726,2133,2044,2107,-12872,2648,10608,-3598,-1926,-2136
785728,2190,2055,2120,-12872,2648,10608,-3568,-1886,-2157
785730,2152,2058,2121,-13195,1376,10746,-3553,-1851,-2176
785731,2157,2050,2126,-13195,1376,10746,-3539,-1827,-2194
785733,2156,2054,2113,-13722,338,10674,-3517,-1821,-2204
785735,2160,2061,2116,-13722,338,10674,-3472,-1830,-2207
785736,2160,2059,2116,-14120,-470,10322,-3400,-1838,-2196
785738,2172,2054,2115,-14120,-470,10322,-3301,-1832,-2159
785739,2146,2060,2118,-14254,-1518,10446,-3174,-1792,-2098
785741,2165,2054,2116,-14254,-1518,10446,-3009,-1713,-2003
785743,2145,2056,2119,-14014,-2222,10968,-2810,-1592,-1881
785744,2140,2056,2113,-14014,-2222,10968,-2577,-1444,-1741
785746,2169,2053,2115,-13240,-2430,10959,-2317,-1281,-1585
785748,2138,2054,2117,-13240,-2430,10959,-2042,-1103,-1412
785749,2195,2062,2122,-12444,-2720,10965,-1779,-905,-1229
785751,2145,2061,2121,-12444,-2720,10965,-1523,-683,-1042
785752,2171,2036,2110,-11852,-2267,10839,-1261,-457,-861
785754,2141,2059,2124,-11852,-2267,10839,-982,-261,-695
785756,2170,2061,2118,-11574,-1770,9054,-706,-115,-529
785757,2154,2057,2114,-11574,-1770,9054,-495,-9,-351
785759,2157,2058,2117,-11597,-2783,7752,-396,80,-169
785760,2150,2056,2115,-11597,-2783,7752,-398,170,20
785762,2180,2054,2117,-11183,-3853,8041,-460,263,214
785763,2168,2053,2110,-11183,-3853,8041,-515,365,407
785765,2143,2057,2109,-10601,-4172,8977,-504,498,611
785766,2157,2057,2116,-10601,-4172,8977,-394,668,836
785767,2118,2054,2112,-10601,-4172,8977,-394,668,836
785769,2165,2059,2121,-10642,-4311,9572,-191,865,1080
785770,2179,2057,2111,-10642,-4311,9572,99,1081,1338
785772,2144,2056,2120,-11112,-4780,9778,478,1306,1614
785773,2201,2054,2097,-11112,-4780,9778,922,1537,1896
785775,2117,2054,2106,-11328,-4802,9644,1380,1761,2148
785776,2160,2059,2122,-11328,-4802,9644,1792,1961,2356
785778,2164,2054,2117,-11085,-3815,8744,2130,2126,2519
785780,2167,2059,2114,-11085,-3815,8744,2404,2253,2663
785781,2160,2058,2116,-10588,-2919,7898,2639,2355,2799
785783,2161,2056,2117,-10588,-2919,7898,2901,2436,2958
785784,2143,2052,2114,-10442,-2272,7194,3151,2481,3095
785786,2176,2053,2131,-10442,-2272,7194,3327,2536,3171
785787,2148,2056,2120,-10442,-2272,7194,3327,2536,3171
785789,2180,2058,2106,-10755,-1012,7079,3440,2598,3198
785790,2174,2045,2112,-10755,-1012,7079,3502,2655,3189
785792,2149,2054,2103,-11328,201,7126,3528,2697,3140
785793,2149,2058,2138,-11328,201,7126,3555,2715,3064
785795,2180,2056,2119,-12194,1616,7080,3597,2705,2969
785796,2146,2054,2113,-12194,1616,7080,3658,2673,2862
785798,2161,2057,2123,-13245,3144,6901,3741,2629,2759
785799,2164,2057,2114,-13245,3144,6901,3829,2580,2665
785801,2166,2058,2119,-14249,4246,6347,3900,2532,2580
785802,2161,2054,2132,-14249,4246,6347,3936,2486,2498
785804,2191,2056,2119,-14698,4916,5714,3916,2437,2420
785805,2169,2059,2124,-14698,4916,5714,3954,2385,2422
785807,2180,2055,2124,-14698,4916,5714,3954,2385,2422
785808,2165,2056,2121,-14223,5701,4995,4022,2325,2398
785810,2146,2050,2098,-14223,5701,4995,3779,2251,2207
785811,2159,2056,2115,-13262,7644,3977,3518,2162,2068
785813,2169,2058,2119,-13262,7644,3977,3264,2072,1965
785814,2158,2058,2120,-12795,8626,3368,3010,1983,1870
785816,2145,2059,2124,-12795,8626,3368,2771,1892,1787
785817,2176,2054,2112,-12629,9548,3026,2552,1803,1725
785819,2157,2056,2112,-12629,9548,3026,2343,1707,1681
785820,2165,2054,2105,-12749,10339,2863,2144,1603,1641
785822,2149,2055,2112,-12749,10339,2863,1949,1482,1582
785823,2159,2056,2114,-13071,11155,2444,1757,1350,1496
785825,2150,2059,2112,-13071,11155,2444,1556,1206,1379
785826,2196,2057,2128,-13561,11698,1982,1346,1046,1240
785828,2127,2055,2105,-13561,11698,1982,1346,1046,1240
785830,2171,2054,2115,-13561,11698,1982,1121,861,1081
785831,2164,2056,2117,-13975,11961,1527,888,659,917
785833,2166,2061,2116,-13975,11961,1527,653,438,764
785834,2148,2055,2113,-13979,11990,1114,413,202,624
785835,2163,2055,2126,-13979,11990,1114,177,-41,501
785837,2163,2056,2109,-13562,11971,758,-40,-284,390
785838,2158,2059,2124,-13562,11971,758,-243,-512,294
785840,2187,2061,2125,-12781,11850,753,-425,-716,203
785841,2154,2042,2115,-12781,11850,753,-590,-888,105
785843,2141,2054,2120,-12781,11850,753,-590,-888,105
785844,2167,2060,2123,-11828,11776,1149,-736,-1025,0
785846,2156,2056,2116,-11828,11776,1149,-849,-1128,-113
785847,2166,2052,2110,-10979,11712,1478,-931,-1209,-227
785849,2153,2052,2102,-10979,11712,1478,-978,-1281,-331
785850,2156,2055,2130,-10496,11422,1418,-1005,-1347,-425
785852,2177,2052,2109,-10496,11422,1418,-1029,-1408,-516
785854,2177,2058,2116,-10515,11098,1417,-1054,-1469,-611
785855,2157,2044,2111,-10515,11098,1417,-1091,-1526,-713
785857,2167,2061,2120,-11047,10896,1430,-1147,-1586,-816
785858,2165,2059,2116,-11047,10896,1430,-1220,-1652,-926
785860,2168,2059,2104,-11856,10711,1341,-1302,-1724,-1031
785862,2156,2052,2101,-11856,10711,1341,-1391,-1800,-1122
785863,2159,2056,2117,-12678,10504,1480,-1481,-1885,-1200
785865,2169,2054,2115,-12678,10504,1480,-1576,-1975,-1270
785866,2164,2054,2105,-13253,10304,2016,-1676,-2068,-1337
785868,2155,2055,2110,-13253,10304,2016,-1773,-2166,-1400
785870,2155,2057,2089,-13415,9832,2587,-1868,-2258,-1452
785871,2156,2056,2118,-13415,9832,2587,-1966,-2334,-1502
785873,2167,2057,2121,-13282,9070,3539,-2068,-2384,-1552
785874,2151,2055,2126,-13282,9070,3539,-2177,-2401,-1599
785876,2169,2057,2112,-13051,8241,4958,-2286,-2383,-1648
785878,2180,2058,2117,-13051,8241,4958,-2401,-2330,-1699
785879,2145,2058,2124,-12816,7388,6366,-2506,-2257,-1745
785881,2156,2054,2110,-12816,7388,6366,-2601,-2161,-1782
785882,2156,2056,2113,-12708,6598,7418,-2673,-2061,-1806
785884,2167,2058,2121,-12708,6598,7418,-2730,-1976,-1816
785885,2169,2061,2116,-12643,5693,8058,-2775,-1910,-1813
785887,2158,2052,2108,-12643,5693,8058,-2808,-1872,-1804
785889,2159,2052,2146,-12499,4692,8591,-2840,-1865,-1793
785890,2165,2053,2119,-12499,4692,8591,-2872,-1876,-1790
785892,2155,2056,2104,-12505,3832,9106,-2896,-1890,-1804
785893,2169,2057,2115,-12505,3832,9106,-2896,-1890,-1804
785895,2154,2054,2120,-12505,3832,9106,-2914,-1895,-1833
785897,2180,2061,2126,-13004,2815,9836,-2942,-1888,-1869
785898,2145,2055,2119,-13004,2815,9836,-2974,-1863,-1908
785900,2160,2054,2113,-13801,1695,10858,-2999,-1830,-1944
785901,2166,2058,2115,-13801,1695,10858,-2987,-1796,-1966
785903,2162,2058,2120,-14224,1066,11118,-2913,-1774,-1973
785905,2162,2060,2119,-14224,1066,11118,-2781,-1753,-1964
785906,2136,2055,2110,-14051,545,11076,-2612,-1731,-1938
785908,2167,2054,2100,-14051,545,11076,-2435,-1693,-1901
785909,2170,2055,2119,-13479,-216,11644,-2266,-1643,-1864
785911,2165,2061,2123,-13479,-216,11644,-2114,-1579,-1832
785913,2155,2052,2111,-12553,-325,12028,-1977,-1516,-1805
785914,2161,2054,2113,-12553,-325,12028,-1840,-1466,-1783
785916,2150,2056,2118,-11612,-307,11486,-1704,-1428,-1753
785918,2176,2057,2114,-11612,-307,11486,-1578,-1395,-1716
785919,2164,2058,2116,-11211,-806,11118,-1465,-1347,-1673
785921,2195,2057,2113,-11211,-806,11118,-1371,-1285,-1613
785922,2158,2061,2123,-11288,-1491,11462,-1289,-1198,-1536
785924,2167,2061,2106,-11288,-1491,11462,-1210,-1093,-1442
785926,2143,2056,2109,-11470,-1781,11641,-1122,-970,-1340
785927,2174,2055,2119,-11470,-1781,11641,-1021,-832,-1222
785929,2162,2055,2118,-11484,-1962,11369,-914,-688,-1091
785931,2164,2056,2116,-11484,-1962,11369,-815,-543,-946
785932,2133,2059,2128,-11284,-2214,11030,-738,-400,-791
785934,2191,2050,2117,-11284,-2214,11030,-687,-261,-631
785935,2158,2058,2114,-10893,-2392,10749,-663,-135,-477
785937,2158,2059,2119,-10893,-2392,10749,-660,-23,-331
785938,2157,2056,2111,-10471,-2577,10464,-670,80,-192
785940,2160,2057,2118,-10471,-2577,10464,-684,173,-53
785941,2170,2057,2117,-10107,-2958,10449,-694,262,86
785943,2172,2058,2120,-10107,-2958,10449,-677,350,232
785944,2163,2054,2113,-9616,-3325,10469,-626,442,380
785946,2144,2054,2114,-9616,-3325,10469,-626,442,380
785947,2190,2057,2118,-9616,-3325,10469,-520,540,539
785949,2090,2058,2119,-9117,-3708,10420,-355,645,711
785950,2167,2052,2109,-9117,-3708,10420,-144,762,886
785952,2188,2054,2114,-8703,-4008,10333,107,893,1059
785953,2157,2054,2106,-8703,-4008,10333,413,1030,1242
785955,2167,2058,2123,-8510,-4251,10109,761,1177,1429
785956,2164,2059,2121,-8510,-4251,10109,1109,1325,1600
785958,2150,2054,2112,-8584,-4122,9824,1440,1478,1751
785959,2159,2057,2116,-8584,-4122,9824,1748,1628,1886
785961,2161,2056,2116,-8943,-3785,9589,2036,1778,2013
785962,2167,2057,2117,-8943,-3785,9589,2318,1919,2134
785964,2143,2056,2116,-8943,-3785,9589,2318,1919,2134
785965,2152,2053,2127,-9466,-3307,9466,2637,2045,2270
785967,2162,2056,2118,-9466,-3307,9466,2958,2145,2390
785968,2154,2059,2117,-9937,-2190,8901,3265,2219,2490
785970,2194,2055,2133,-9937,-2190,8901,3558,2275,2585
785971,2140,2056,2105,-10262,-1013,8238,3824,2322,2665
785973,2168,2056,2112,-10262,-1013,8238,4060,2365,2722
785974,2166,2060,2121,-10351,265,7743,4258,2423,2756
785976,2156,2058,2121,-10351,265,7743,4416,2496,2764
785977,2160,2056,2117,-10282,1791,7276,4527,2587,2744
785979,2157,2055,2117,-10282,1791,7276,4607,2700,2712
785980,2148,2055,2109,-10321,3139,6943,4694,2812,2680
785982,2189,2058,2125,-10321,3139,6943,4711,2901,2625
785983,2159,2056,2117,-10321,3139,6943,4711,2901,2625
785985,2147,2057,2119,-10715,4250,6537,4700,2988,2567
785986,2161,2057,2110,-10715,4250,6537,4803,3059,2592
785988,2164,2059,2116,-11654,5614,6267,4936,3118,2565
785989,2169,2057,2112,-11654,5614,6267,4830,3162,2412
785991,2148,2055,2121,-12623,7462,5584,4711,3169,2295
785992,2171,2057,2125,-12623,7462,5584,4570,3142,2195
785994,2150,2061,2119,-13723,8384,4918,4394,3080,2098
785995,2153,2054,2114,-13723,8384,4918,4191,2981,1996
785997,2171,2055,2112,-14283,9469,4102,3963,2858,1889
785998,2163,2055,2112,-14283,9469,4102,3712,2718,1787
786000,2163,2056,2124,-14456,10411,3258,3446,2567,1685
786001,2167,2057,2104,-14456,10411,3258,3446,2567,1685
786003,2153,2055,2104,-14456,10411,3258,3163,2401,1574
786004,2154,2050,2133,-14379,10914,2334,2856,2220,1467
786006,2158,2059,2109,-14379,10914,2334,2529,2038,1369
786008,2163,2059,2117,-14250,11185,2005,2198,1857,1277
786009,2152,2055,2111,-14250,11185,2005,1885,1678,1176
786011,2160,2055,2113,-14434,11723,2112,1603,1498,1057
786012,2161,2057,2118,-14434,11723,2112,1360,1323,945
786014,2168,2060,2131,-15098,12082,2134,1155,1148,842
786015,2166,2057,2120,-15098,12082,2134,963,968,746
786017,2163,2053,2102,-15771,12041,1745,765,765,654
786018,2161,2057,2111,-15771,12041,1745,546,530,562
786019,2161,2057,2118,-16006,11993,1193,316,271,454
786021,2165,2058,2120,-16006,11993,1193,316,271,454
786022,2158,2054,2113,-16006,11993,1193,74,-4,343
786024,2150,2056,2120,-15768,12275,863,-168,-284,224
786025,2219,2051,2133,-15768,12275,863,-394,-553,107
786027,2173,2058,2109,-15311,12560,572,-599,-797,-8
786028,2157,2054,2103,-15311,12560,572,-783,-1008,-112
786030,2142,2057,2130,-14852,12399,461,-945,-1170,-211
786031,2171,2056,2147,-14852,12399,461,-1088,-1288,-298
786033,2171,2060,2122,-14424,12139,633,-1208,-1378,-378
786034,2110,2056,2111,-14424,12139,633,-1302,-1452,-453
786036,2166,2053,2117,-13925,12015,627,-1367,-1519,-524
786037,2177,2055,2124,-13925,12015,627,-1404,-1585,-589
786039,2140,2058,2122,-13475,11817,671,-1431,-1641,-656
786041,2164,2056,2119,-13475,11817,671,-1431,-1641,-656
786042,2149,2050,2128,-13475,11817,671,-1462,-1686,-729
786044,2175,2058,2119,-13339,11495,1173,-1502,-1725,-809
786045,2164,2061,2126,-13339,11495,1173,-1558,-1755,-886
786047,2163,2064,2124,-13600,11048,1750,-1637,-1782,-960
786049,2176,2039,2085,-13600,11048,1750,-1732,-1812,-1032
786050,2167,2052,2120,-14236,10712,2429,-1833,-1843,-1115
786052,2163,2062,2133,-14236,10712,2429,-1929,-1888,-1203
786053,2137,2056,2120,-15027,10676,2986,-2002,-1951,-1303
786055,2164,2058,2116,-15027,10676,2986,-2054,-2033,-1404
786057,2150,2057,2110,-15656,10397,3154,-2090,-2144,-1498
786058,2178,2058,2132,-15656,10397,3154,-2123,-2273,-1574
786060,2162,2056,2111,-15797,9792,3643,-2159,-2411,-1646
786061,2165,2052,2113,-15797,9792,3643,-2207,-2541,-1715
786063,2149,2056,2118,-15296,9485,4621,-2266,-2653,-1792
786065,2163,2057,2089,-15296,9485,4621,-2332,-2752,-1879
786066,2196,2059,2125,-14389,9157,5342,-2415,-2826,-1970
786068,2166,2055,2119,-14389,9157,5342,-2513,-2869,-2060
786069,2133,2054,2120,-13590,8416,5980,-2621,-2882,-2140
786071,2161,2059,2111,-13590,8416,5980,-2723,-2858,-2196
786073,2167,2058,2113,-13145,7639,6687,-2809,-2802,-2239
786074,2154,2052,2106,-13145,7639,6687,-2872,-2730,-2260
786076,2169,2059,2123,-12855,6848,6981,-2918,-2658,-2267
786077,2177,2059,2114,-12855,6848,6981,-2965,-2594,-2271
786079,2154,2052,2121,-12923,5911,7266,-3029,-2547,-2278
786080,2146,2056,2117,-12923,5911,7266,-3119,-2523,-2292
786082,2152,2053,2106,-13111,5053,7774,-3225,-2533,-2322
786084,2169,2058,2120,-13111,5053,7774,-3341,-2584,-2366
786085,2162,2056,2117,-12998,4189,8265,-3453,-2667,-2422
786087,2175,2056,2114,-12998,4189,8265,-3551,-2769,-2475
786088,2134,2056,2115,-12399,2894,8699,-3618,-2863,-2512
786090,2167,2065,2123,-12399,2894,8699,-3654,-2934,-2528
786092,2162,2052,2122,-11378,1238,9197,-3657,-2958,-2517
786093,2164,2055,2114,-11378,1238,9197,-3625,-2920,-2476
786095,2163,2054,2108,-10131,-294,10078,-3552,-2808,-2413
786096,2153,2056,2120,-10131,-294,10078,-3450,-2627,-2328
786098,2165,2058,2118,-8892,-1323,11152,-3313,-2387,-2228
786100,2154,2055,2110,-8892,-1323,11152,-3131,-2116,-2110
786101,2180,2054,2117,-7827,-1886,11344,-2919,-1844,-1988
786103,2162,2059,2122,-7827,-1886,11344,-2712,-1591,-1868
786104,2164,2057,2115,-7403,-2683,10952,-2523,-1365,-1740
786106,2165,2053,2111,-7403,-2683,10952,-2368,-1168,-1599
786108,2205,2055,2114,-7631,-3707,11061,-2251,-994,-1455
786109,2166,2061,2119,-7631,-3707,11061,-2251,-994,-1455
786111,2164,2054,2117,-7631,-3707,11061,-2175,-837,-1321
786112,2210,2054,2109,-7962,-4410,11347,-2116,-701,-1189
786114,2213,2052,2112,-7962,-4410,11347,-2042,-584,-1062
786116,2151,2055,2117,-8247,-4794,11159,-1945,-484,-931
786117,2159,2056,2118,-8247,-4794,11159,-1819,-400,-786
786119,2177,2056,2109,-8402,-5469,11043,-1655,-312,-632
786120,2158,2057,2115,-8402,-5469,11043,-1466,-217,-475
786122,2167,2055,2118,-8156,-5982,10920,-1245,-125,-325
786123,2165,2058,2121,-8156,-5982,10920,-984,-40,-187
786125,2164,2056,2115,-7626,-6286,10605,-703,42,-54
786126,2162,2056,2107,-7626,-6286,10605,-429,141,68
786128,2159,2056,2114,-7174,-6685,10888,-153,261,194
786129,2164,2055,2120,-7174,-6685,10888,100,400,307
786131,2161,2058,2117,-6885,-6297,11062,227,563,385
786132,2166,2056,2110,-6885,-6297,11062,641,731,657
786134,2139,2055,2109,-6885,-6297,11062,641,731,657
786135,2165,2059,2114,-7484,-6611,11483,1084,936,872
786137,2165,2056,2116,-7484,-6611,11483,1518,1146,1038
786138,2162,2055,2114,-8183,-5540,11336,1949,1337,1189
786140,2140,2056,2092,-8183,-5540,11336,2353,1503,1331
786141,2159,2056,2118,-9141,-4592,10765,2728,1647,1468
786143,2172,2054,2111,-9141,-4592,10765,3062,1765,1593
786144,2165,2052,2115,-9954,-3629,10138,3338,1865,1707
786146,2158,2055,2100,-9954,-3629,10138,3558,1946,1804
786147,2152,2057,2115,-10470,-2552,9713,3708,2007,1889
786149,2174,2059,2116,-10470,-2552,9713,3801,2050,1938
786150,2145,2057,2118,-10843,-1270,9622,3837,2083,1960
786152,2149,2054,2128,-10843,-1270,9622,3818,2106,1951
786153,2177,2053,2116,-11380,-3,9903,3745,2121,1923
786155,2136,2056,2113,-11380,-3,9903,3745,2121,1923
786156,2165,2058,2113,-11380,-3,9903,3623,2125,1876
786158,2149,2054,2114,-12174,1195,10321,3455,2112,1807
786159,2161,2055,2121,-12174,1195,10321,3268,2067,1735
786161,2164,2053,2117,-13211,2370,10906,3085,1998,1670
786162,2170,2057,2122,-13211,2370,10906,2920,1908,1613
786164,2160,2042,2090,-14092,2769,11085,2787,1812,1574
786165,2153,2041,2101,-14092,2769,11085,2769,1711,1616
786167,2149,2056,2107,-14922,2518,10637,2912,1586,1670
786168,2170,2054,2122,-14922,2518,10637,2566,1501,1429
786170,2209,2059,2131,-14862,3912,9918,2243,1401,1312
786172,2169,2052,2115,-14862,3912,9918,1976,1295,1273
786173,2170,2057,2132,-14759,3851,9620,1710,1208,1242
786175,2146,2056,2087,-14759,3851,9620,1710,1208,1242
786176,2170,2059,2120,-14759,3851,9620,1461,1136,1234
786178,2143,2054,2110,-14484,4311,9684,1235,1085,1246
786179,2166,2056,2117,-14484,4311,9684,1024,1063,1274
786181,2154,2059,2116,-14423,4722,10065,828,1052,1304
786182,2170,2056,2117,-14423,4722,10065,640,1050,1317
786184,2146,2052,2109,-14637,5144,10439,460,1041,1310
786185,2162,2054,2120,-14637,5144,10439,285,1009,1278
786187,2154,2059,2112,-15195,5375,10359,118,948,1226
786188,2179,2056,2129,-15195,5375,10359,-33,851,1162
786190,2170,2052,2109,-15876,5426,10057,-164,724,1088
786191,2128,2052,2111,-15876,5426,10057,-274,562,1008
786193,2179,2057,2115,-15876,5426,10057,-274,562,1008
786194,2175,2058,2119,-16160,5434,9664,-357,378,923
786195,2172,2057,2124,-16160,5434,9664,-420,185,832
786197,2140,2054,2120,-15823,5387,9400,-461,-5,732
786198,2145,2057,2133,-15823,5387,9400,-480,-179,627
786200,2171,2057,2094,-14827,5274,9354,-482,-330,515
786201,2168,2057,2109,-14827,5274,9354,-464,-447,405
786203,2160,2055,2106,-13488,5176,9545,-430,-528,296
786204,2152,2054,2109,-13488,5176,9545,-375,-573,191
786206,2160,2057,2116,-12223,5321,9540,-298,-589,92
786207,2164,2056,2115,-12223,5321,9540,-298,-589,92
786209,2173,2056,2110,-12223,5321,9540,-203,-577,7
786210,2137,2056,2111,-11488,5614,9194,-105,-540,-72
786212,2161,2058,2151,-11488,5614,9194,-19,-494,-139
786213,2160,2054,2115,-11411,5944,8941,40,-437,-193
786214,2160,2058,2111,-11411,5944,8941,57,-387,-238
786216,2156,2054,2110,-11559,6464,8699,36,-353,-282
786217,2159,2054,2113,-11559,6464,8699,-12,-348,-321
786219,2167,2056,2125,-11757,6965,8182,-89,-364,-355
786220,2163,2053,2118,-11757,6965,8182,-89,-364,-355
786222,2171,2055,2117,-11757,6965,8182,-193,-401,-382
786223,2147,2055,2133,-11949,7115,7750,-325,-449,-406
786225,2141,2056,2120,-11949,7115,7750,-489,-502,-431
786226,2171,2058,2119,-12130,6924,7700,-675,-545,-452
786228,2169,2059,2111,-12130,6924,7700,-865,-583,-474
786229,2154,2056,2115,-12245,6698,8032,-1040,-602,-498
786231,2159,2054,2113,-12245,6698,8032,-1188,-605,-525
786232,2167,2055,2125,-12181,6587,8403,-1298,-597,-556
786234,2152,2056,2111,-12181,6587,8403,-1378,-591,-594
786235,2159,2052,2111,-12118,6258,8657,-1448,-593,-635
786237,2174,2055,2120,-12118,6258,8657,-1504,-604,-682
786239,2150,2057,2112,-12235,5602,8969,-1560,-627,-729
786240,2163,2059,2111,-12235,5602,8969,-1614,-664,-779
786242,2158,2055,2110,-12235,5602,8969,-1614,-664,-779
786243,2158,2057,2122,-12343,4990,9361,-1662,-712,-831
786245,2175,2055,2122,-12343,4990,9361,-1701,-761,-890
786246,2090,2054,2113,-12384,4542,9668,-1738,-811,-949
786248,2177,2055,2114,-12384,4542,9668,-1765,-859,-1012
786249,2153,2054,2112,-12079,4032,9777,-1791,-908,-1073
786251,2175,2058,2111,-12079,4032,9777,-1815,-952,-1135
786252,2147,2059,2120,-11595,3563,10053,-1842,-983,-1195
786254,2177,2053,2108,-11595,3563,10053,-1864,-994,-1251
786256,2122,2050,2104,-11272,3131,10245,-1883,-993,-1297
786257,2166,2058,2115,-11272,3131,10245,-1903,-978,-1338
786259,2170,2057,2117,-11363,2675,10309,-1930,-956,-1370
786260,2169,2056,2115,-11363,2675,10309,-1959,-931,-1398
786262,2158,2052,2117,-11676,2191,10255,-1988,-916,-1426
786264,2147,2063,2124,-11676,2191,10255,-2015,-910,-1448
786265,2166,2059,2119,-12014,1716,10104,-2038,-913,-1461
786267,2173,2054,2123,-12014,1716,10104,-2056,-922,-1462
786268,2156,2045,2114,-12272,1247,10026,-2063,-929,-1450
786270,2164,2059,2118,-12272,1247,10026,-2062,-928,-1429
786271,2165,2059,2116,-12261,798,9947,-2045,-919,-1399
786273,2168,2056,2112,-12261,798,9947,-2013,-905,-1357
786275,2135,2052,2114,-11929,259,9846,-1975,-881,-1303
786276,2160,2053,2116,-11929,259,9846,-1943,-844,-1241
786278,2170,2056,2125,-11929,259,9846,-1943,-844,-1241
786279,2167,2055,2114,-11486,-310,10104,-1915,-790,-1180
786281,2161,2057,2094,-11486,-310,10104,-1889,-733,-1126
786282,2148,2055,2116,-11189,-731,10408,-1858,-678,-1078
786284,2197,2059,2122,-11189,-731,10408,-1819,-629,-1043
786285,2142,2055,2109,-11261,-1181,10647,-1770,-591,-1009
786287,2154,2054,2114,-11261,-1181,10647,-1711,-569,-983
786289,2158,2054,2115,-11531,-1727,10944,-1637,-564,-962
786290,2161,2057,2116,-11531,-1727,10944,-1553,-569,-942
786292,2161,2059,2112,-11604,-2237,11172,-1468,-582,-918
786293,2165,2053,2116,-11604,-2237,11172,-1371,-591,-888
786295,2155,2056,2113,-11385,-2777,11131,-1264,-592,-847
786297,2162,2056,2117,-11385,-2777,11131,-1152,-580,-798
786298,2169,2058,2118,-10909,-3283,11094,-1043,-555,-736
786300,2158,2052,2113,-10909,-3283,11094,-935,-513,-667
786301,2157,2055,2117,-10263,-3502,11229,-826,-450,-596
786303,2161,2057,2117,-10263,-3502,11229,-714,-376,-520
786304,2170,2054,2118,-9564,-3547,11160,-609,-293,-446
786306,2145,2055,2110,-9564,-3547,11160,-517,-204,-375
786308,2169,2054,2116,-9012,-3565,10947,-439,-115,-300
786309,2159,2056,2118,-9012,-3565,10947,-380,-29,-232
786311,2174,2057,2119,-8740,-3542,10887,-343,47,-178
786312,2153,2055,2112,-8740,-3542,10887,-316,116,-126
786314,2164,2054,2112,-8884,-3596,10853,-297,175,-79
786315,2162,2057,2119,-8884,-3596,10853,-297,175,-79
786317,2168,2057,2119,-8884,-3596,10853,-285,226,-39
786318,2163,2057,2114,-9368,-3792,10941,-276,272,-3
786319,2162,2052,2110,-9368,-3792,10941,-261,305,24
786321,2167,2056,2116,-9840,-3835,10810,-224,314,48
786322,2194,2055,2115,-9840,-3835,10810,-166,308,79
786324,2158,2056,2119,-10117,-3920,10543,-91,286,116
786325,2161,2055,2106,-10117,-3920,10543,-11,269,156
786327,2159,2050,2134,-10150,-4034,10493,71,256,198
786328,2160,2057,2120,-10150,-4034,10493,71,256,198
786330,2163,2059,2114,-10150,-4034,10493,158,245,247
786331,2200,2054,2113,-9876,-3934,10366,255,246,298
786333,2156,2055,2112,-9876,-3934,10366,364,254,349
786334,2166,2056,2117,-9536,-3670,10128,470,286,399
786335,2162,2059,2118,-9536,-3670,10128,566,342,445
